effort_id,vessel_nationality_code,fishing_purpose_code,gear_type_code,target_species_code,asd_code,season_ccamlr,year,month,vessel_size_category_code,taxon_code,greenweight_caught_tonne
7802,AUS,C,LLS,TOA,881,2024,2023,12,10,ANT,0.0471
7802,AUS,C,LLS,TOA,881,2024,2023,12,10,ATX,0.0004
7802,AUS,C,LLS,TOA,881,2024,2023,12,10,CUX,0.0003
7802,AUS,C,LLS,TOA,881,2024,2023,12,10,DMO,0.0001
7802,AUS,C,LLS,TOA,881,2024,2023,12,10,GRV,0.63026
7802,AUS,C,LLS,TOA,881,2024,2023,12,10,ICX,0.26695
7802,AUS,C,LLS,TOA,881,2024,2023,12,10,MRL,0.0045
7802,AUS,C,LLS,TOA,881,2024,2023,12,10,POG,0.0003
7802,AUS,C,LLS,TOA,881,2024,2023,12,10,SRX,0.45783
7802,AUS,C,LLS,TOA,881,2024,2023,12,10,TOA,77.1858
7805,AUS,C,LLS,TOA,882,2024,2023,12,9,ANT,0.62618
7805,AUS,C,LLS,TOA,882,2024,2023,12,9,ATX,0.00134
7805,AUS,C,LLS,TOA,882,2024,2023,12,9,CSS,0.00043
7805,AUS,C,LLS,TOA,882,2024,2023,12,9,DMO,0.0006
7805,AUS,C,LLS,TOA,882,2024,2023,12,9,DWR,0.0004
7805,AUS,C,LLS,TOA,882,2024,2023,12,9,GRV,1.22995
7805,AUS,C,LLS,TOA,882,2024,2023,12,9,HQZ,0.0004
7805,AUS,C,LLS,TOA,882,2024,2023,12,9,HQZ,0.0004
7805,AUS,C,LLS,TOA,882,2024,2023,12,9,ICX,0.1599
7805,AUS,C,LLS,TOA,882,2024,2023,12,9,MRL,0.02202
7805,AUS,C,LLS,TOA,882,2024,2023,12,9,TOA,165.80602
7825,CHL,C,LLS,TOA,881,2024,2023,12,8,ANT,0.007
7825,CHL,C,LLS,TOA,881,2024,2023,12,8,ATX,0.00102
7825,CHL,C,LLS,TOA,881,2024,2023,12,8,BEA,0.012
7825,CHL,C,LLS,TOA,881,2024,2023,12,8,CHW,0.02706
7825,CHL,C,LLS,TOA,881,2024,2023,12,8,CSS,0.0004
7825,CHL,C,LLS,TOA,881,2024,2023,12,8,CWD,0.0001
7825,CHL,C,LLS,TOA,881,2024,2023,12,8,DWL,0.0001
7825,CHL,C,LLS,TOA,881,2024,2023,12,8,DWL,0.0001
7825,CHL,C,LLS,TOA,881,2024,2023,12,8,DWQ,0.0001
7825,CHL,C,LLS,TOA,881,2024,2023,12,8,DWR,0.0001
7825,CHL,C,LLS,TOA,881,2024,2023,12,8,GRV,0.40566
7825,CHL,C,LLS,TOA,881,2024,2023,12,8,MOY,0.04066
7825,CHL,C,LLS,TOA,881,2024,2023,12,8,SRR,0.094
7825,CHL,C,LLS,TOA,881,2024,2023,12,8,SSX,0.0002
7825,CHL,C,LLS,TOA,881,2024,2023,12,8,TOA,22.29321
7825,CHL,C,LLS,TOA,881,2024,2023,12,8,ZOT,0.0001
7840,CHN,C,OTM,KRI,482,2024,2023,12,11,ANI,0.00185
7840,CHN,C,OTM,KRI,482,2024,2023,12,11,ELC,0.00112
7840,CHN,C,OTM,KRI,482,2024,2023,12,11,JIC,0.0014
7840,CHN,C,OTM,KRI,482,2024,2023,12,11,KIF,0.0034
7840,CHN,C,OTM,KRI,482,2024,2023,12,11,KRI,1640.379
7840,CHN,C,OTM,KRI,482,2024,2023,12,11,SGI,0.00845
7857,ESP,C,LLS,TOA,881,2024,2023,12,9,ART,0.0046
7857,ESP,C,LLS,TOA,881,2024,2023,12,9,GAS,5.00E-05
7857,ESP,C,LLS,TOA,881,2024,2023,12,9,GRV,0.415
7857,ESP,C,LLS,TOA,881,2024,2023,12,9,ICX,0.0308
7857,ESP,C,LLS,TOA,881,2024,2023,12,9,INV,0.0002
7857,ESP,C,LLS,TOA,881,2024,2023,12,9,MRL,0.0747
7857,ESP,C,LLS,TOA,881,2024,2023,12,9,STF,0.00311
7857,ESP,C,LLS,TOA,881,2024,2023,12,9,TOA,36.634
7859,ESP,C,LLS,TOA,882,2024,2023,12,9,GRV,0.0014
7859,ESP,C,LLS,TOA,882,2024,2023,12,9,ICX,0.0024
7859,ESP,C,LLS,TOA,882,2024,2023,12,9,MRL,0.0012
7859,ESP,C,LLS,TOA,882,2024,2023,12,9,OCT,0.00134
7859,ESP,C,LLS,TOA,882,2024,2023,12,9,STF,0.00106
7859,ESP,C,LLS,TOA,882,2024,2023,12,9,TOA,3.114
7882,FRA,C,LLS,TOA,881,2024,2023,12,10,ANT,0.0022
7882,FRA,C,LLS,TOA,881,2024,2023,12,10,GRV,0.3021
7882,FRA,C,LLS,TOA,881,2024,2023,12,10,ICX,0.0488
7882,FRA,C,LLS,TOA,881,2024,2023,12,10,MRL,0.0227
7882,FRA,C,LLS,TOA,881,2024,2023,12,10,SRX,0.0024
7882,FRA,C,LLS,TOA,881,2024,2023,12,10,TOA,15.62567
7884,FRA,C,LLS,TOA,882,2024,2023,12,10,ANT,0.0037
7884,FRA,C,LLS,TOA,882,2024,2023,12,10,GRV,0.0154
7884,FRA,C,LLS,TOA,882,2024,2023,12,10,TOA,3.18138
7866,FRA,C,LLS,TOP,5851,2024,2023,12,9,ANT,1.04121
7866,FRA,C,LLS,TOP,5851,2024,2023,12,9,BEA,0.16986
7866,FRA,C,LLS,TOP,5851,2024,2023,12,9,BYR,0.298265
7866,FRA,C,LLS,TOP,5851,2024,2023,12,9,EZT,0.37113
7866,FRA,C,LLS,TOP,5851,2024,2023,12,9,GRV,53.477237
7866,FRA,C,LLS,TOP,5851,2024,2023,12,9,TOP,241.926005
7871,FRA,C,LLS,TOP,5851,2024,2023,12,10,ANT,2.4059
7871,FRA,C,LLS,TOP,5851,2024,2023,12,10,BEA,0.018215
7871,FRA,C,LLS,TOP,5851,2024,2023,12,10,BYR,0.077107
7871,FRA,C,LLS,TOP,5851,2024,2023,12,10,EZT,0.3678
7871,FRA,C,LLS,TOP,5851,2024,2023,12,10,GRV,13.955512
7871,FRA,C,LLS,TOP,5851,2024,2023,12,10,TOP,172.30717
7903,GBR,C,LLS,TOA,882,2024,2023,12,10,GRV,1.5507
7903,GBR,C,LLS,TOA,882,2024,2023,12,10,ICX,0.097635
7903,GBR,C,LLS,TOA,882,2024,2023,12,10,MRL,0.08835
7903,GBR,C,LLS,TOA,882,2024,2023,12,10,NOX,0.130168
7903,GBR,C,LLS,TOA,882,2024,2023,12,10,SRX,0.00519
7903,GBR,C,LLS,TOA,882,2024,2023,12,10,TOA,59.622638
7912,JPN,C,LLS,TOA,881,2024,2023,12,9,ANT,0.23898
7912,JPN,C,LLS,TOA,881,2024,2023,12,9,DMO,0.00024
7912,JPN,C,LLS,TOA,881,2024,2023,12,9,DWR,2.00E-05
7912,JPN,C,LLS,TOA,881,2024,2023,12,9,GRV,0.44965
7912,JPN,C,LLS,TOA,881,2024,2023,12,9,ICX,0.19205
7912,JPN,C,LLS,TOA,881,2024,2023,12,9,MRL,0.05768
7912,JPN,C,LLS,TOA,881,2024,2023,12,9,NTW,8.00E-05
7912,JPN,C,LLS,TOA,881,2024,2023,12,9,TOA,17.78268
7912,JPN,C,LLS,TOA,881,2024,2023,12,9,TOP,0.29376
7913,JPN,C,LLS,TOA,882,2024,2023,12,9,ANT,0.0079
7913,JPN,C,LLS,TOA,882,2024,2023,12,9,ATX,0.0022
7913,JPN,C,LLS,TOA,882,2024,2023,12,9,BHY,0.02305
7913,JPN,C,LLS,TOA,882,2024,2023,12,9,CSS,0.0017
7913,JPN,C,LLS,TOA,882,2024,2023,12,9,DWR,0.00088
7913,JPN,C,LLS,TOA,882,2024,2023,12,9,GRV,1.65906
7913,JPN,C,LLS,TOA,882,2024,2023,12,9,ICX,0.05452
7913,JPN,C,LLS,TOA,882,2024,2023,12,9,MRL,0.03105
7913,JPN,C,LLS,TOA,882,2024,2023,12,9,RAJ,0.0047
7913,JPN,C,LLS,TOA,882,2024,2023,12,9,TOA,26.54832
7913,JPN,C,LLS,TOA,882,2024,2023,12,9,ZOT,0.01173
7922,KOR,C,LLS,TOA,881,2024,2023,12,8,ANT,0.07275
7922,KOR,C,LLS,TOA,881,2024,2023,12,8,CHW,0.1683
7922,KOR,C,LLS,TOA,881,2024,2023,12,8,GRV,11.41397
7922,KOR,C,LLS,TOA,881,2024,2023,12,8,ICX,1.17909
7922,KOR,C,LLS,TOA,881,2024,2023,12,8,KCX,0.0003
7922,KOR,C,LLS,TOA,881,2024,2023,12,8,MOY,0.0477
7922,KOR,C,LLS,TOA,881,2024,2023,12,8,MRL,0.33625
7922,KOR,C,LLS,TOA,881,2024,2023,12,8,OCT,0.02276
7922,KOR,C,LLS,TOA,881,2024,2023,12,8,POG,0.0124
7922,KOR,C,LLS,TOA,881,2024,2023,12,8,RAJ,0.5361
7922,KOR,C,LLS,TOA,881,2024,2023,12,8,SRR,0.027
7922,KOR,C,LLS,TOA,881,2024,2023,12,8,SRX,0.7642
7922,KOR,C,LLS,TOA,881,2024,2023,12,8,TOA,598.2695
7922,KOR,C,LLS,TOA,881,2024,2023,12,8,TOP,0.0493
7924,KOR,C,LLS,TOA,882,2024,2023,12,8,ANT,0.0085
7924,KOR,C,LLS,TOA,882,2024,2023,12,8,GRV,5.2537
7924,KOR,C,LLS,TOA,882,2024,2023,12,8,ICX,0.04465
7924,KOR,C,LLS,TOA,882,2024,2023,12,8,MOY,0.01423
7924,KOR,C,LLS,TOA,882,2024,2023,12,8,MRL,0.00422
7924,KOR,C,LLS,TOA,882,2024,2023,12,8,POG,0.0005
7924,KOR,C,LLS,TOA,882,2024,2023,12,8,RAJ,0.0345
7924,KOR,C,LLS,TOA,882,2024,2023,12,8,SRR,0.113
7924,KOR,C,LLS,TOA,882,2024,2023,12,8,TOA,168.78605
7929,NAM,C,LLS,TOA,881,2024,2023,12,9,ANT,0.0149
7929,NAM,C,LLS,TOA,881,2024,2023,12,9,GRV,0.39949
7929,NAM,C,LLS,TOA,881,2024,2023,12,9,ICX,0.04055
7929,NAM,C,LLS,TOA,881,2024,2023,12,9,MRL,0.04705
7929,NAM,C,LLS,TOA,881,2024,2023,12,9,RAJ,0.00946
7929,NAM,C,LLS,TOA,881,2024,2023,12,9,TOA,4.849435
7939,NOR,C,TM,KRI,482,2024,2023,12,11,ANI,2.08962
7939,NOR,C,TM,KRI,482,2024,2023,12,11,ANP,0.001615
7939,NOR,C,TM,KRI,482,2024,2023,12,11,ICX,0.046665
7939,NOR,C,TM,KRI,482,2024,2023,12,11,JIC,0.020945
7939,NOR,C,TM,KRI,482,2024,2023,12,11,KIF,0.07033
7939,NOR,C,TM,KRI,482,2024,2023,12,11,KRI,2665.759046
7939,NOR,C,TM,KRI,482,2024,2023,12,11,LXX,0.005035
7939,NOR,C,TM,KRI,482,2024,2023,12,11,NOG,0.00692
7939,NOR,C,TM,KRI,482,2024,2023,12,11,NTO,0.0011
7939,NOR,C,TM,KRI,482,2024,2023,12,11,SGI,0.606175
7939,NOR,C,TM,KRI,482,2024,2023,12,11,SPX,0.01485
7939,NOR,C,TM,KRI,482,2024,2023,12,11,SQU,0.02595
7939,NOR,C,TM,KRI,482,2024,2023,12,11,SSI,0.00484
7943,NOR,C,TM,KRI,482,2024,2023,12,12,ANI,0.75981
7943,NOR,C,TM,KRI,482,2024,2023,12,12,ICX,0.0543
7943,NOR,C,TM,KRI,482,2024,2023,12,12,JIC,0.01046
7943,NOR,C,TM,KRI,482,2024,2023,12,12,KIF,0.00084
7943,NOR,C,TM,KRI,482,2024,2023,12,12,KRI,3019.574
7943,NOR,C,TM,KRI,482,2024,2023,12,12,NOC,0.00845
7943,NOR,C,TM,KRI,482,2024,2023,12,12,NOG,0.00892
7943,NOR,C,TM,KRI,482,2024,2023,12,12,NOX,0.00097
7943,NOR,C,TM,KRI,482,2024,2023,12,12,OIJ,0.00068
7943,NOR,C,TM,KRI,482,2024,2023,12,12,SGI,0.28553
7943,NOR,C,TM,KRI,482,2024,2023,12,12,SPX,0.00015
7943,NOR,C,TM,KRI,482,2024,2023,12,12,SSI,0.0333
7956,NZL,C,LLS,TOA,881,2024,2023,12,9,ANT,0.14646
7956,NZL,C,LLS,TOA,881,2024,2023,12,9,CHW,0.00075
7956,NZL,C,LLS,TOA,881,2024,2023,12,9,CNI,0.00021
7956,NZL,C,LLS,TOA,881,2024,2023,12,9,CUX,0.00113
7956,NZL,C,LLS,TOA,881,2024,2023,12,9,CWD,0.00019
7956,NZL,C,LLS,TOA,881,2024,2023,12,9,DAH,0.0002
7956,NZL,C,LLS,TOA,881,2024,2023,12,9,GAS,0.0001
7956,NZL,C,LLS,TOA,881,2024,2023,12,9,GRV,5.063976
7956,NZL,C,LLS,TOA,881,2024,2023,12,9,ICX,1.60329
7956,NZL,C,LLS,TOA,881,2024,2023,12,9,KCX,0.000345
7956,NZL,C,LLS,TOA,881,2024,2023,12,9,KCZ,0.0005
7956,NZL,C,LLS,TOA,881,2024,2023,12,9,MOL,0.00031
7956,NZL,C,LLS,TOA,881,2024,2023,12,9,MRL,0.50429
7956,NZL,C,LLS,TOA,881,2024,2023,12,9,OCT,0.00494
7956,NZL,C,LLS,TOA,881,2024,2023,12,9,OOY,0.00046
7956,NZL,C,LLS,TOA,881,2024,2023,12,9,POG,0.009955
7956,NZL,C,LLS,TOA,881,2024,2023,12,9,SQU,0.0001
7956,NZL,C,LLS,TOA,881,2024,2023,12,9,SRX,0.41447
7956,NZL,C,LLS,TOA,881,2024,2023,12,9,STF,0.08282
7956,NZL,C,LLS,TOA,881,2024,2023,12,9,TOA,169.180064
7956,NZL,C,LLS,TOA,881,2024,2023,12,9,TOP,0.16519
7956,NZL,C,LLS,TOA,881,2024,2023,12,9,TRD,0.117595
7956,NZL,C,LLS,TOA,881,2024,2023,12,9,TRT,0.00015
7956,NZL,C,LLS,TOA,881,2024,2023,12,9,URX,3.00E-05
7958,NZL,C,LLS,TOA,882,2024,2023,12,9,ANT,0.23418
7958,NZL,C,LLS,TOA,882,2024,2023,12,9,GRV,7.7139
7958,NZL,C,LLS,TOA,882,2024,2023,12,9,ICX,0.155512
7958,NZL,C,LLS,TOA,882,2024,2023,12,9,KCX,0.00816
7958,NZL,C,LLS,TOA,882,2024,2023,12,9,MRL,0.08962
7958,NZL,C,LLS,TOA,882,2024,2023,12,9,SRX,0.02828
7958,NZL,C,LLS,TOA,882,2024,2023,12,9,STF,0.00513
7958,NZL,C,LLS,TOA,882,2024,2023,12,9,TOA,21.07913
7967,RUS,C,LLS,TOA,881,2024,2023,12,8,CHW,0.44445
7967,RUS,C,LLS,TOA,881,2024,2023,12,8,GRV,0.35009
7967,RUS,C,LLS,TOA,881,2024,2023,12,8,MRL,0.01411
7967,RUS,C,LLS,TOA,881,2024,2023,12,8,POG,0.00124
7967,RUS,C,LLS,TOA,881,2024,2023,12,8,RAJ,0.05539
7967,RUS,C,LLS,TOA,881,2024,2023,12,8,TOA,11.3369
7976,UKR,C,LLS,TOA,881,2024,2023,12,8,ANT,0.03244
7976,UKR,C,LLS,TOA,881,2024,2023,12,8,CHW,0.0004
7976,UKR,C,LLS,TOA,881,2024,2023,12,8,GRV,2.5395
7976,UKR,C,LLS,TOA,881,2024,2023,12,8,ICX,0.31942
7976,UKR,C,LLS,TOA,881,2024,2023,12,8,KCX,0.00235
7976,UKR,C,LLS,TOA,881,2024,2023,12,8,MOY,0.0055
7976,UKR,C,LLS,TOA,881,2024,2023,12,8,MRL,0.12197
7976,UKR,C,LLS,TOA,881,2024,2023,12,8,OCT,0.00304
7976,UKR,C,LLS,TOA,881,2024,2023,12,8,POG,0.00818
7976,UKR,C,LLS,TOA,881,2024,2023,12,8,QMC,0.7563
7976,UKR,C,LLS,TOA,881,2024,2023,12,8,SRX,0.10564
7976,UKR,C,LLS,TOA,881,2024,2023,12,8,TOA,46.86369
7976,UKR,C,LLS,TOA,881,2024,2023,12,8,TOP,0.0102
7979,UKR,C,LLS,TOA,882,2024,2023,12,8,ANT,0.0191
7979,UKR,C,LLS,TOA,882,2024,2023,12,8,GRV,2.3164
7979,UKR,C,LLS,TOA,882,2024,2023,12,8,ICX,0.1084
7979,UKR,C,LLS,TOA,882,2024,2023,12,8,KCX,0.01
7979,UKR,C,LLS,TOA,882,2024,2023,12,8,MRL,0.0074
7979,UKR,C,LLS,TOA,882,2024,2023,12,8,TOA,300.26366
7985,URY,C,LLS,TOA,881,2024,2023,12,10,ANT,0.0468
7985,URY,C,LLS,TOA,881,2024,2023,12,10,GRV,3.0926
7985,URY,C,LLS,TOA,881,2024,2023,12,10,ICX,0.1976
7985,URY,C,LLS,TOA,881,2024,2023,12,10,MRL,0.7213
7985,URY,C,LLS,TOA,881,2024,2023,12,10,OCT,0.00455
7985,URY,C,LLS,TOA,881,2024,2023,12,10,SRX,0.03967
7985,URY,C,LLS,TOA,881,2024,2023,12,10,TOA,4.903695
7987,URY,C,LLS,TOA,882,2024,2023,12,8,TOA,30.877055
7788,AUS,C,LLS,TOA,5842,2024,2024,1,10,ANT,0.0015
7788,AUS,C,LLS,TOA,5842,2024,2024,1,10,AQZ,5.00E-05
7788,AUS,C,LLS,TOA,5842,2024,2024,1,10,ATX,0.00365
7788,AUS,C,LLS,TOA,5842,2024,2024,1,10,BWY,0.00025
7788,AUS,C,LLS,TOA,5842,2024,2024,1,10,CSS,0.00015
7788,AUS,C,LLS,TOA,5842,2024,2024,1,10,DMO,0.0001
7788,AUS,C,LLS,TOA,5842,2024,2024,1,10,DWL,0.00015
7788,AUS,C,LLS,TOA,5842,2024,2024,1,10,DWL,0.00015
7788,AUS,C,LLS,TOA,5842,2024,2024,1,10,DWR,0.0013
7788,AUS,C,LLS,TOA,5842,2024,2024,1,10,GRV,0.87432
7788,AUS,C,LLS,TOA,5842,2024,2024,1,10,HQZ,0.0002
7788,AUS,C,LLS,TOA,5842,2024,2024,1,10,ICX,0.24273
7788,AUS,C,LLS,TOA,5842,2024,2024,1,10,MRL,0.0254
7788,AUS,C,LLS,TOA,5842,2024,2024,1,10,NOX,0.0004
7788,AUS,C,LLS,TOA,5842,2024,2024,1,10,NTW,0.00015
7788,AUS,C,LLS,TOA,5842,2024,2024,1,10,PFR,0.0001
7788,AUS,C,LLS,TOA,5842,2024,2024,1,10,POG,0.0012
7788,AUS,C,LLS,TOA,5842,2024,2024,1,10,SSX,0.00027
7788,AUS,C,LLS,TOA,5842,2024,2024,1,10,STF,0.004
7788,AUS,C,LLS,TOA,5842,2024,2024,1,10,TOA,24.7202
7788,AUS,C,LLS,TOA,5842,2024,2024,1,10,TOP,0.17175
7788,AUS,C,LLS,TOA,5842,2024,2024,1,10,TRT,0.05747
7801,AUS,C,LLS,TOA,881,2024,2024,1,10,ANT,0.08784
7801,AUS,C,LLS,TOA,881,2024,2024,1,10,ATX,0.00175
7801,AUS,C,LLS,TOA,881,2024,2024,1,10,CSS,0.00035
7801,AUS,C,LLS,TOA,881,2024,2024,1,10,DMO,5.00E-05
7801,AUS,C,LLS,TOA,881,2024,2024,1,10,DWQ,0.00015
7801,AUS,C,LLS,TOA,881,2024,2024,1,10,GRV,1.83394
7801,AUS,C,LLS,TOA,881,2024,2024,1,10,HQZ,5.00E-05
7801,AUS,C,LLS,TOA,881,2024,2024,1,10,ICX,0.12188
7801,AUS,C,LLS,TOA,881,2024,2024,1,10,MRL,0.17342
7801,AUS,C,LLS,TOA,881,2024,2024,1,10,NTW,5.00E-05
7801,AUS,C,LLS,TOA,881,2024,2024,1,10,POG,0.0005
7801,AUS,C,LLS,TOA,881,2024,2024,1,10,SRX,0.64471
7801,AUS,C,LLS,TOA,881,2024,2024,1,10,SSX,0.00025
7801,AUS,C,LLS,TOA,881,2024,2024,1,10,TOA,19.8447
7803,AUS,C,LLS,TOA,882,2024,2024,1,9,ANT,1.16078
7803,AUS,C,LLS,TOA,882,2024,2024,1,9,AQZ,0.00033
7803,AUS,C,LLS,TOA,882,2024,2024,1,9,ATX,0.008666
7803,AUS,C,LLS,TOA,882,2024,2024,1,9,CSS,0.00098
7803,AUS,C,LLS,TOA,882,2024,2024,1,9,DWR,5.00E-05
7803,AUS,C,LLS,TOA,882,2024,2024,1,9,GRV,19.75122
7803,AUS,C,LLS,TOA,882,2024,2024,1,9,ICX,0.47117
7803,AUS,C,LLS,TOA,882,2024,2024,1,9,KCZ,0.01272
7803,AUS,C,LLS,TOA,882,2024,2024,1,9,MRL,0.02399
7803,AUS,C,LLS,TOA,882,2024,2024,1,9,SKX,0.07688
7803,AUS,C,LLS,TOA,882,2024,2024,1,9,TOA,139.45602
7823,CHL,C,LLS,TOA,881,2024,2024,1,8,ANT,0.00638
7823,CHL,C,LLS,TOA,881,2024,2024,1,8,AQZ,5.00E-05
7823,CHL,C,LLS,TOA,881,2024,2024,1,8,ATX,0.0108
7823,CHL,C,LLS,TOA,881,2024,2024,1,8,BAM,0.007
7823,CHL,C,LLS,TOA,881,2024,2024,1,8,BEA,0.9505
7823,CHL,C,LLS,TOA,881,2024,2024,1,8,CHW,0.0407
7823,CHL,C,LLS,TOA,881,2024,2024,1,8,CSS,0.00168
7823,CHL,C,LLS,TOA,881,2024,2024,1,8,CWD,0.0001
7823,CHL,C,LLS,TOA,881,2024,2024,1,8,DMO,2.00E-05
7823,CHL,C,LLS,TOA,881,2024,2024,1,8,DWL,6.00E-05
7823,CHL,C,LLS,TOA,881,2024,2024,1,8,DWL,6.00E-05
7823,CHL,C,LLS,TOA,881,2024,2024,1,8,DWQ,0.0001
7823,CHL,C,LLS,TOA,881,2024,2024,1,8,GRV,3.88574
7823,CHL,C,LLS,TOA,881,2024,2024,1,8,HXY,4.00E-05
7823,CHL,C,LLS,TOA,881,2024,2024,1,8,MOY,1.54344
7823,CHL,C,LLS,TOA,881,2024,2024,1,8,NTW,0.00025
7823,CHL,C,LLS,TOA,881,2024,2024,1,8,OEQ,0.0013
7823,CHL,C,LLS,TOA,881,2024,2024,1,8,POG,0.03098
7823,CHL,C,LLS,TOA,881,2024,2024,1,8,SRR,0.93606
7823,CHL,C,LLS,TOA,881,2024,2024,1,8,SSX,0.00042
7823,CHL,C,LLS,TOA,881,2024,2024,1,8,TOA,23.851
7823,CHL,C,LLS,TOA,881,2024,2024,1,8,ZOT,0.00041
7819,CHL,C,OTM,KRI,482,2024,2024,1,10,ANI,0.00022
7819,CHL,C,OTM,KRI,482,2024,2024,1,10,ANP,0.00134
7819,CHL,C,OTM,KRI,482,2024,2024,1,10,AQM,1.00E-06
7819,CHL,C,OTM,KRI,482,2024,2024,1,10,CNI,0.02071
7819,CHL,C,OTM,KRI,482,2024,2024,1,10,ELC,3.10E-05
7819,CHL,C,OTM,KRI,482,2024,2024,1,10,GIS,0.011
7819,CHL,C,OTM,KRI,482,2024,2024,1,10,JIC,0.01316
7819,CHL,C,OTM,KRI,482,2024,2024,1,10,KIF,0.02402
7819,CHL,C,OTM,KRI,482,2024,2024,1,10,KRI,2570.687
7819,CHL,C,OTM,KRI,482,2024,2024,1,10,NOL,2.00E-05
7819,CHL,C,OTM,KRI,482,2024,2024,1,10,NTO,0.00369
7819,CHL,C,OTM,KRI,482,2024,2024,1,10,PRE,3.00E-05
7819,CHL,C,OTM,KRI,482,2024,2024,1,10,SSI,0.00926
7819,CHL,C,OTM,KRI,482,2024,2024,1,10,SSX,2.00E-05
7837,CHN,C,OTM,KRI,482,2024,2024,1,11,ANI,0.00756
7837,CHN,C,OTM,KRI,482,2024,2024,1,11,JIC,0.00409
7837,CHN,C,OTM,KRI,482,2024,2024,1,11,KIF,0.0018
7837,CHN,C,OTM,KRI,482,2024,2024,1,11,KRI,5300.192
7837,CHN,C,OTM,KRI,482,2024,2024,1,11,NTO,0.0001
7837,CHN,C,OTM,KRI,482,2024,2024,1,11,SGI,0.0027
7858,ESP,C,LLS,TOA,882,2024,2024,1,9,ANT,0.1253
7858,ESP,C,LLS,TOA,882,2024,2024,1,9,GRV,1.218
7858,ESP,C,LLS,TOA,882,2024,2024,1,9,ICX,0.0391
7858,ESP,C,LLS,TOA,882,2024,2024,1,9,KCX,0.0007
7858,ESP,C,LLS,TOA,882,2024,2024,1,9,MRL,0.0123
7858,ESP,C,LLS,TOA,882,2024,2024,1,9,STF,0.00565
7858,ESP,C,LLS,TOA,882,2024,2024,1,9,TOA,84.498
7881,FRA,C,LLS,TOA,881,2024,2024,1,10,ANT,0.0296
7881,FRA,C,LLS,TOA,881,2024,2024,1,10,GRV,2.447
7881,FRA,C,LLS,TOA,881,2024,2024,1,10,ICX,0.14812
7881,FRA,C,LLS,TOA,881,2024,2024,1,10,MRL,1.2026
7881,FRA,C,LLS,TOA,881,2024,2024,1,10,POG,0.0295
7881,FRA,C,LLS,TOA,881,2024,2024,1,10,SRX,0.0127
7881,FRA,C,LLS,TOA,881,2024,2024,1,10,TOA,34.04989
7883,FRA,C,LLS,TOA,882,2024,2024,1,10,ANT,0.0881
7883,FRA,C,LLS,TOA,882,2024,2024,1,10,GRV,5.8209
7883,FRA,C,LLS,TOA,882,2024,2024,1,10,ICX,0.0341
7883,FRA,C,LLS,TOA,882,2024,2024,1,10,NDW,0.0043
7883,FRA,C,LLS,TOA,882,2024,2024,1,10,TOA,48.79303
7861,FRA,C,LLS,TOP,5851,2024,2024,1,9,ANT,5.78636
7861,FRA,C,LLS,TOP,5851,2024,2024,1,9,BEA,1.053054
7861,FRA,C,LLS,TOP,5851,2024,2024,1,9,BHY,0.01333
7861,FRA,C,LLS,TOP,5851,2024,2024,1,9,BYR,2.145825
7861,FRA,C,LLS,TOP,5851,2024,2024,1,9,CYO,0.0058
7861,FRA,C,LLS,TOP,5851,2024,2024,1,9,EZT,1.34302
7861,FRA,C,LLS,TOP,5851,2024,2024,1,9,GRV,113.035679
7861,FRA,C,LLS,TOP,5851,2024,2024,1,9,TOP,854.850296
7867,FRA,C,LLS,TOP,5851,2024,2024,1,10,ANT,1.7767
7867,FRA,C,LLS,TOP,5851,2024,2024,1,10,EZT,0.0813
7867,FRA,C,LLS,TOP,5851,2024,2024,1,10,GRV,6.531448
7867,FRA,C,LLS,TOP,5851,2024,2024,1,10,TOP,46.831627
7877,FRA,C,LLS,TOP,586,2024,2024,1,10,ANT,1.1452
7877,FRA,C,LLS,TOP,586,2024,2024,1,10,GRV,5.121515
7877,FRA,C,LLS,TOP,586,2024,2024,1,10,TOP,40.755852
7902,GBR,C,LLS,TOA,882,2024,2024,1,10,ANT,0.0708
7902,GBR,C,LLS,TOA,882,2024,2024,1,10,GRV,7.5492
7902,GBR,C,LLS,TOA,882,2024,2024,1,10,ICX,0.252487
7902,GBR,C,LLS,TOA,882,2024,2024,1,10,MRL,0.29545
7902,GBR,C,LLS,TOA,882,2024,2024,1,10,NOX,0.14195
7902,GBR,C,LLS,TOA,882,2024,2024,1,10,SRX,0.04451
7902,GBR,C,LLS,TOA,882,2024,2024,1,10,TOA,74.55511
7911,JPN,C,LLS,TOA,881,2024,2024,1,9,ANT,0.22016
7911,JPN,C,LLS,TOA,881,2024,2024,1,9,BHY,0.00165
7911,JPN,C,LLS,TOA,881,2024,2024,1,9,DWR,0.00062
7911,JPN,C,LLS,TOA,881,2024,2024,1,9,GRV,1.02944
7911,JPN,C,LLS,TOA,881,2024,2024,1,9,HXY,0.0005
7911,JPN,C,LLS,TOA,881,2024,2024,1,9,ICX,0.45031
7911,JPN,C,LLS,TOA,881,2024,2024,1,9,MRL,0.48176
7911,JPN,C,LLS,TOA,881,2024,2024,1,9,NTW,8.00E-05
7911,JPN,C,LLS,TOA,881,2024,2024,1,9,POG,0.0012
7911,JPN,C,LLS,TOA,881,2024,2024,1,9,RAJ,0.01252
7911,JPN,C,LLS,TOA,881,2024,2024,1,9,TOA,23.20098
7911,JPN,C,LLS,TOA,881,2024,2024,1,9,ZOT,0.00036
7920,KOR,C,LLS,TOA,881,2024,2024,1,8,ANT,0.0237
7920,KOR,C,LLS,TOA,881,2024,2024,1,8,CHW,0.2815
7920,KOR,C,LLS,TOA,881,2024,2024,1,8,GRV,41.89855
7920,KOR,C,LLS,TOA,881,2024,2024,1,8,ICX,1.56798
7920,KOR,C,LLS,TOA,881,2024,2024,1,8,MOY,1.85365
7920,KOR,C,LLS,TOA,881,2024,2024,1,8,MRL,1.03449
7920,KOR,C,LLS,TOA,881,2024,2024,1,8,NOX,0.0002
7920,KOR,C,LLS,TOA,881,2024,2024,1,8,OCT,0.00159
7920,KOR,C,LLS,TOA,881,2024,2024,1,8,POG,0.1245
7920,KOR,C,LLS,TOA,881,2024,2024,1,8,RAJ,2.2907
7920,KOR,C,LLS,TOA,881,2024,2024,1,8,SRR,0.6956
7920,KOR,C,LLS,TOA,881,2024,2024,1,8,SRX,0.829
7920,KOR,C,LLS,TOA,881,2024,2024,1,8,TOA,1015.7339
7928,NAM,C,LLS,TOA,881,2024,2024,1,9,ANT,0.05809
7928,NAM,C,LLS,TOA,881,2024,2024,1,9,GRV,2.85809
7928,NAM,C,LLS,TOA,881,2024,2024,1,9,ICX,0.71019
7928,NAM,C,LLS,TOA,881,2024,2024,1,9,MRL,0.62619
7928,NAM,C,LLS,TOA,881,2024,2024,1,9,RAJ,0.0335
7928,NAM,C,LLS,TOA,881,2024,2024,1,9,TOA,56.703657
7936,NOR,C,TM,KRI,482,2024,2024,1,11,ANI,0.2291
7936,NOR,C,TM,KRI,482,2024,2024,1,11,ANP,0.002335
7936,NOR,C,TM,KRI,482,2024,2024,1,11,AQM,1.20E-05
7936,NOR,C,TM,KRI,482,2024,2024,1,11,CNI,3.00E-06
7936,NOR,C,TM,KRI,482,2024,2024,1,11,GYN,0.000216
7936,NOR,C,TM,KRI,482,2024,2024,1,11,JIC,0.061585
7936,NOR,C,TM,KRI,482,2024,2024,1,11,KRI,17733.12312
7936,NOR,C,TM,KRI,482,2024,2024,1,11,NOG,0.006525
7936,NOR,C,TM,KRI,482,2024,2024,1,11,NOL,0.00812
7936,NOR,C,TM,KRI,482,2024,2024,1,11,NOR,0.00036
7936,NOR,C,TM,KRI,482,2024,2024,1,11,NOS,3.00E-06
7936,NOR,C,TM,KRI,482,2024,2024,1,11,NTO,0.006555
7936,NOR,C,TM,KRI,482,2024,2024,1,11,PDG,0.00047
7936,NOR,C,TM,KRI,482,2024,2024,1,11,SGI,0.093175
7936,NOR,C,TM,KRI,482,2024,2024,1,11,SPX,0.000316
7936,NOR,C,TM,KRI,482,2024,2024,1,11,SQU,0.01357
7936,NOR,C,TM,KRI,482,2024,2024,1,11,SSI,0.003674
7940,NOR,C,TM,KRI,482,2024,2024,1,12,ANI,0.0007
7940,NOR,C,TM,KRI,482,2024,2024,1,12,ANP,0.0021
7940,NOR,C,TM,KRI,482,2024,2024,1,12,ICX,0.0121
7940,NOR,C,TM,KRI,482,2024,2024,1,12,JIC,0.00092
7940,NOR,C,TM,KRI,482,2024,2024,1,12,KRI,18026.991
7940,NOR,C,TM,KRI,482,2024,2024,1,12,MOY,0.00052
7940,NOR,C,TM,KRI,482,2024,2024,1,12,NOC,0.00159
7940,NOR,C,TM,KRI,482,2024,2024,1,12,NOG,0.02375
7940,NOR,C,TM,KRI,482,2024,2024,1,12,OIJ,0.00057
7940,NOR,C,TM,KRI,482,2024,2024,1,12,SGI,0.05142
7940,NOR,C,TM,KRI,482,2024,2024,1,12,SQU,0.0003
7940,NOR,C,TM,KRI,482,2024,2024,1,12,SSI,0.00981
7954,NZL,C,LLS,TOA,881,2024,2024,1,9,ANT,0.445225
7954,NZL,C,LLS,TOA,881,2024,2024,1,9,CNI,3.00E-05
7954,NZL,C,LLS,TOA,881,2024,2024,1,9,CUX,0.00218
7954,NZL,C,LLS,TOA,881,2024,2024,1,9,ECH,1.00E-05
7954,NZL,C,LLS,TOA,881,2024,2024,1,9,GRV,18.053334
7954,NZL,C,LLS,TOA,881,2024,2024,1,9,ICX,3.883797
7954,NZL,C,LLS,TOA,881,2024,2024,1,9,KCX,0.0003
7954,NZL,C,LLS,TOA,881,2024,2024,1,9,KCZ,2.00E-05
7954,NZL,C,LLS,TOA,881,2024,2024,1,9,LVD,5.00E-05
7954,NZL,C,LLS,TOA,881,2024,2024,1,9,MOL,0.00108
7954,NZL,C,LLS,TOA,881,2024,2024,1,9,MRL,10.419183
7954,NZL,C,LLS,TOA,881,2024,2024,1,9,NOX,0.00098
7954,NZL,C,LLS,TOA,881,2024,2024,1,9,OCT,0.00035
7954,NZL,C,LLS,TOA,881,2024,2024,1,9,OOY,0.00049
7954,NZL,C,LLS,TOA,881,2024,2024,1,9,POG,0.044163
7954,NZL,C,LLS,TOA,881,2024,2024,1,9,PWJ,1.00E-05
7954,NZL,C,LLS,TOA,881,2024,2024,1,9,SQU,0.00193
7954,NZL,C,LLS,TOA,881,2024,2024,1,9,SRX,1.6286
7954,NZL,C,LLS,TOA,881,2024,2024,1,9,STF,0.05853
7954,NZL,C,LLS,TOA,881,2024,2024,1,9,TOA,225.057672
7954,NZL,C,LLS,TOA,881,2024,2024,1,9,TOP,0.03376
7954,NZL,C,LLS,TOA,881,2024,2024,1,9,TRD,0.00011
7954,NZL,C,LLS,TOA,881,2024,2024,1,9,TRT,0.00249
7954,NZL,C,LLS,TOA,881,2024,2024,1,9,WOR,0.0001
7965,RUS,C,LLS,TOA,881,2024,2024,1,8,ANT,0.02694
7965,RUS,C,LLS,TOA,881,2024,2024,1,8,CHW,0.14342
7965,RUS,C,LLS,TOA,881,2024,2024,1,8,GRV,2.24796
7965,RUS,C,LLS,TOA,881,2024,2024,1,8,ICX,0.00236
7965,RUS,C,LLS,TOA,881,2024,2024,1,8,MRL,0.21078
7965,RUS,C,LLS,TOA,881,2024,2024,1,8,POG,0.00137
7965,RUS,C,LLS,TOA,881,2024,2024,1,8,RAJ,0.32905
7965,RUS,C,LLS,TOA,881,2024,2024,1,8,TOA,42.9858
7974,UKR,C,LLS,TOA,881,2024,2024,1,8,ANT,0.01342
7974,UKR,C,LLS,TOA,881,2024,2024,1,8,CHW,0.4553
7974,UKR,C,LLS,TOA,881,2024,2024,1,8,GRV,11.74177
7974,UKR,C,LLS,TOA,881,2024,2024,1,8,ICX,0.39949
7974,UKR,C,LLS,TOA,881,2024,2024,1,8,MCC,0.0006
7974,UKR,C,LLS,TOA,881,2024,2024,1,8,MOY,0.0417
7974,UKR,C,LLS,TOA,881,2024,2024,1,8,MRL,0.25593
7974,UKR,C,LLS,TOA,881,2024,2024,1,8,OCT,0.01158
7974,UKR,C,LLS,TOA,881,2024,2024,1,8,POG,0.07155
7974,UKR,C,LLS,TOA,881,2024,2024,1,8,QMC,2.0165
7974,UKR,C,LLS,TOA,881,2024,2024,1,8,SRX,0.0166
7974,UKR,C,LLS,TOA,881,2024,2024,1,8,TOA,165.83032
7974,UKR,C,LLS,TOA,881,2024,2024,1,8,TRD,0.0005
7974,UKR,C,LLS,TOA,881,2024,2024,1,8,WGR,0.0445
7977,UKR,C,LLS,TOA,882,2024,2024,1,8,ANT,0.0145
7977,UKR,C,LLS,TOA,882,2024,2024,1,8,CHW,0.007
7977,UKR,C,LLS,TOA,882,2024,2024,1,8,GRV,2.1722
7977,UKR,C,LLS,TOA,882,2024,2024,1,8,ICX,0.1136
7977,UKR,C,LLS,TOA,882,2024,2024,1,8,KCX,0.005
7977,UKR,C,LLS,TOA,882,2024,2024,1,8,MRL,0.0035
7977,UKR,C,LLS,TOA,882,2024,2024,1,8,TOA,137.776013
7971,UKR,C,OTM,KRI,482,2024,2024,1,11,ANI,0.12702
7971,UKR,C,OTM,KRI,482,2024,2024,1,11,ELC,0.00028
7971,UKR,C,OTM,KRI,482,2024,2024,1,11,JIC,0.00842
7971,UKR,C,OTM,KRI,482,2024,2024,1,11,KRI,3882
7971,UKR,C,OTM,KRI,482,2024,2024,1,11,NOG,0.00073
7971,UKR,C,OTM,KRI,482,2024,2024,1,11,NOS,0.00085
7971,UKR,C,OTM,KRI,482,2024,2024,1,11,NTO,0.00253
7971,UKR,C,OTM,KRI,482,2024,2024,1,11,OIJ,0.007
7971,UKR,C,OTM,KRI,482,2024,2024,1,11,SGI,0.01157
7971,UKR,C,OTM,KRI,482,2024,2024,1,11,SPX,0.01472
7971,UKR,C,OTM,KRI,482,2024,2024,1,11,TOA,1.00E-05
7984,URY,C,LLS,TOA,881,2024,2024,1,10,ANT,0.5442
7984,URY,C,LLS,TOA,881,2024,2024,1,10,GRV,21.6547
7984,URY,C,LLS,TOA,881,2024,2024,1,10,ICX,0.69013
7984,URY,C,LLS,TOA,881,2024,2024,1,10,KCX,0.0005
7984,URY,C,LLS,TOA,881,2024,2024,1,10,MRL,5.06515
7984,URY,C,LLS,TOA,881,2024,2024,1,10,NOS,0.0014
7984,URY,C,LLS,TOA,881,2024,2024,1,10,OCT,0.01
7984,URY,C,LLS,TOA,881,2024,2024,1,10,POG,0.0076
7984,URY,C,LLS,TOA,881,2024,2024,1,10,SRX,0.6574
7984,URY,C,LLS,TOA,881,2024,2024,1,10,TOA,30.99628
7984,URY,C,LLS,TOA,881,2024,2024,1,10,ZLS,0.00035
7986,URY,C,LLS,TOA,882,2024,2024,1,8,TOA,48.137126
7789,AUS,C,LLS,TOA,5842,2024,2024,2,10,ANT,0.22935
7789,AUS,C,LLS,TOA,5842,2024,2024,2,10,AQZ,0.0007
7789,AUS,C,LLS,TOA,5842,2024,2024,2,10,ATX,0.0013
7789,AUS,C,LLS,TOA,5842,2024,2024,2,10,COX,0.00015
7789,AUS,C,LLS,TOA,5842,2024,2024,2,10,CSS,0.0006
7789,AUS,C,LLS,TOA,5842,2024,2024,2,10,CUX,0.0007
7789,AUS,C,LLS,TOA,5842,2024,2024,2,10,DWQ,0.0001
7789,AUS,C,LLS,TOA,5842,2024,2024,2,10,DWR,0.0008
7789,AUS,C,LLS,TOA,5842,2024,2024,2,10,GRV,11.94891
7789,AUS,C,LLS,TOA,5842,2024,2024,2,10,HQZ,9.00E-05
7789,AUS,C,LLS,TOA,5842,2024,2024,2,10,ICX,0.55263
7789,AUS,C,LLS,TOA,5842,2024,2024,2,10,MRL,0.16947
7789,AUS,C,LLS,TOA,5842,2024,2024,2,10,NTW,5.00E-05
7789,AUS,C,LLS,TOA,5842,2024,2024,2,10,OCT,0.0047
7789,AUS,C,LLS,TOA,5842,2024,2024,2,10,PFR,0.0002
7789,AUS,C,LLS,TOA,5842,2024,2024,2,10,POG,0.00255
7789,AUS,C,LLS,TOA,5842,2024,2024,2,10,SPX,0.0002
7789,AUS,C,LLS,TOA,5842,2024,2024,2,10,SSX,0.0001
7789,AUS,C,LLS,TOA,5842,2024,2024,2,10,STF,0.0094
7789,AUS,C,LLS,TOA,5842,2024,2024,2,10,TOA,120.08003
7789,AUS,C,LLS,TOA,5842,2024,2024,2,10,TOP,0.32968
7789,AUS,C,LLS,TOA,5842,2024,2024,2,10,TRT,0.01173
7804,AUS,C,LLS,TOA,882,2024,2024,2,9,ANT,0.14285
7804,AUS,C,LLS,TOA,882,2024,2024,2,9,AQZ,3.00E-05
7804,AUS,C,LLS,TOA,882,2024,2024,2,9,ATX,4.00E-05
7804,AUS,C,LLS,TOA,882,2024,2024,2,9,DWR,2.00E-05
7804,AUS,C,LLS,TOA,882,2024,2024,2,9,GRV,5.44517
7804,AUS,C,LLS,TOA,882,2024,2024,2,9,ICX,0.09711
7804,AUS,C,LLS,TOA,882,2024,2024,2,9,KCZ,0.0035
7804,AUS,C,LLS,TOA,882,2024,2024,2,9,MRL,0.00358
7804,AUS,C,LLS,TOA,882,2024,2024,2,9,SKX,0.05264
7804,AUS,C,LLS,TOA,882,2024,2024,2,9,TOA,26.66973
7824,CHL,C,LLS,TOA,881,2024,2024,2,8,ATX,0.00062
7824,CHL,C,LLS,TOA,881,2024,2024,2,8,BEA,0.077
7824,CHL,C,LLS,TOA,881,2024,2024,2,8,DMO,6.00E-05
7824,CHL,C,LLS,TOA,881,2024,2024,2,8,DWR,4.00E-05
7824,CHL,C,LLS,TOA,881,2024,2024,2,8,GRV,0.81885
7824,CHL,C,LLS,TOA,881,2024,2024,2,8,MOY,0.01563
7824,CHL,C,LLS,TOA,881,2024,2024,2,8,NTW,2.00E-05
7824,CHL,C,LLS,TOA,881,2024,2024,2,8,OEQ,0.00042
7824,CHL,C,LLS,TOA,881,2024,2024,2,8,SRR,0.095
7824,CHL,C,LLS,TOA,881,2024,2024,2,8,TOA,8.83664
7820,CHL,C,OTM,KRI,482,2024,2024,2,10,ANI,0.10497
7820,CHL,C,OTM,KRI,482,2024,2024,2,10,ANP,0.00346
7820,CHL,C,OTM,KRI,482,2024,2024,2,10,BWY,2.00E-05
7820,CHL,C,OTM,KRI,482,2024,2024,2,10,CNI,0.00408
7820,CHL,C,OTM,KRI,482,2024,2024,2,10,ELN,0.00011
7820,CHL,C,OTM,KRI,482,2024,2024,2,10,GIS,0.00812
7820,CHL,C,OTM,KRI,482,2024,2024,2,10,JIC,0.0114
7820,CHL,C,OTM,KRI,482,2024,2024,2,10,KIF,0.08195
7820,CHL,C,OTM,KRI,482,2024,2024,2,10,KRI,5155.891
7820,CHL,C,OTM,KRI,482,2024,2024,2,10,NOC,0.00222
7820,CHL,C,OTM,KRI,482,2024,2024,2,10,NOG,0.02226
7820,CHL,C,OTM,KRI,482,2024,2024,2,10,NTO,0.00434
7820,CHL,C,OTM,KRI,482,2024,2024,2,10,SGI,0.15847
7820,CHL,C,OTM,KRI,482,2024,2024,2,10,SSI,0.16488
7820,CHL,C,OTM,KRI,482,2024,2024,2,10,WIC,0.00534
7838,CHN,C,OTM,KRI,482,2024,2024,2,11,AQM,0
7838,CHN,C,OTM,KRI,482,2024,2024,2,11,JIC,0.00477
7838,CHN,C,OTM,KRI,482,2024,2024,2,11,KIF,0.00971
7838,CHN,C,OTM,KRI,482,2024,2024,2,11,KRI,7126.757
7838,CHN,C,OTM,KRI,482,2024,2024,2,11,NOG,0.0008
7838,CHN,C,OTM,KRI,482,2024,2024,2,11,SGI,0.0015
7832,CHN,C,TM,KRI,481,2024,2024,2,11,ANI,2.40E-05
7832,CHN,C,TM,KRI,481,2024,2024,2,11,AQM,0.000119
7832,CHN,C,TM,KRI,481,2024,2024,2,11,ELC,3.30E-05
7832,CHN,C,TM,KRI,481,2024,2024,2,11,GYN,3.30E-05
7832,CHN,C,TM,KRI,481,2024,2024,2,11,JIC,6.00E-06
7832,CHN,C,TM,KRI,481,2024,2024,2,11,KIF,5.00E-06
7832,CHN,C,TM,KRI,481,2024,2024,2,11,KRI,0.009209
7832,CHN,C,TM,KRI,481,2024,2024,2,11,LXX,0.000427
7832,CHN,C,TM,KRI,481,2024,2024,2,11,NOM,6.00E-06
7832,CHN,C,TM,KRI,481,2024,2024,2,11,NTO,2.20E-05
7832,CHN,C,TM,KRI,481,2024,2024,2,11,PDG,7.70E-05
7832,CHN,C,TM,KRI,481,2024,2024,2,11,SGI,1.00E-06
7832,CHN,C,TM,KRI,481,2024,2024,2,11,SPX,0.00512
7833,CHN,C,TM,KRI,481,2024,2024,2,12,ANS,0.003445
7833,CHN,C,TM,KRI,481,2024,2024,2,12,AQM,8.10E-05
7833,CHN,C,TM,KRI,481,2024,2024,2,12,CEP,0
7833,CHN,C,TM,KRI,481,2024,2024,2,12,ELC,0.000422
7833,CHN,C,TM,KRI,481,2024,2024,2,12,FIC,5.00E-06
7833,CHN,C,TM,KRI,481,2024,2024,2,12,GDR,3.00E-05
7833,CHN,C,TM,KRI,481,2024,2024,2,12,GYN,0.00013
7833,CHN,C,TM,KRI,481,2024,2024,2,12,ICX,0.003756
7833,CHN,C,TM,KRI,481,2024,2024,2,12,KIF,2.80E-05
7833,CHN,C,TM,KRI,481,2024,2024,2,12,KRI,1050.351308
7833,CHN,C,TM,KRI,481,2024,2024,2,12,NOG,0.00416
7833,CHN,C,TM,KRI,481,2024,2024,2,12,NOX,0.00027
7833,CHN,C,TM,KRI,481,2024,2024,2,12,NTO,5.00E-05
7833,CHN,C,TM,KRI,481,2024,2024,2,12,PCH,0
7833,CHN,C,TM,KRI,481,2024,2024,2,12,PMA,0.00085
7833,CHN,C,TM,KRI,481,2024,2024,2,12,PSG,3.00E-06
7833,CHN,C,TM,KRI,481,2024,2024,2,12,SPX,0.046024
7833,CHN,C,TM,KRI,481,2024,2024,2,12,WIC,0.001172
7841,CHN,C,TM,KRI,482,2024,2024,2,12,CHW,0.001015
7841,CHN,C,TM,KRI,482,2024,2024,2,12,ELC,0.00062
7841,CHN,C,TM,KRI,482,2024,2024,2,12,JIC,0.0011
7841,CHN,C,TM,KRI,482,2024,2024,2,12,KRI,4006.8659
7841,CHN,C,TM,KRI,482,2024,2024,2,12,NTO,0.00073
7841,CHN,C,TM,KRI,482,2024,2024,2,12,PSG,1.50E-05
7854,ESP,C,LLS,TOA,486,2024,2024,2,9,ANT,0.0213
7854,ESP,C,LLS,TOA,486,2024,2024,2,9,GRV,1.02547
7854,ESP,C,LLS,TOA,486,2024,2024,2,9,ICX,0.23924
7854,ESP,C,LLS,TOA,486,2024,2024,2,9,MOY,0.08712
7854,ESP,C,LLS,TOA,486,2024,2024,2,9,TOA,117.1964
7860,FRA,C,LLS,TOA,5842,2024,2024,2,10,GRV,0.2898
7860,FRA,C,LLS,TOA,5842,2024,2024,2,10,ICX,0.0659
7860,FRA,C,LLS,TOA,5842,2024,2024,2,10,MRL,0.0228
7860,FRA,C,LLS,TOA,5842,2024,2024,2,10,TOA,31.07758
7862,FRA,C,LLS,TOP,5851,2024,2024,2,9,ANT,4.27758
7862,FRA,C,LLS,TOP,5851,2024,2024,2,9,BEA,0.153209
7862,FRA,C,LLS,TOP,5851,2024,2024,2,9,BYR,0.285601
7862,FRA,C,LLS,TOP,5851,2024,2024,2,9,EZT,0.02554
7862,FRA,C,LLS,TOP,5851,2024,2024,2,9,GRV,21.492678
7862,FRA,C,LLS,TOP,5851,2024,2024,2,9,TOP,179.935931
7872,FRA,C,LLS,TOP,586,2024,2024,2,9,ANT,5.93624
7872,FRA,C,LLS,TOP,586,2024,2024,2,9,GRV,28.26982
7872,FRA,C,LLS,TOP,586,2024,2024,2,9,POR,0.07152
7872,FRA,C,LLS,TOP,586,2024,2024,2,9,RFA,1.41727
7872,FRA,C,LLS,TOP,586,2024,2024,2,9,TOP,209.906575
7878,FRA,C,LLS,TOP,586,2024,2024,2,10,ANT,0.2526
7878,FRA,C,LLS,TOP,586,2024,2024,2,10,GRV,0.234505
7878,FRA,C,LLS,TOP,586,2024,2024,2,10,TOP,2.871091
7901,GBR,C,LLS,TOT,484,2024,2024,2,10,ANT,0.0957
7901,GBR,C,LLS,TOT,484,2024,2024,2,10,GRV,3.0334
7901,GBR,C,LLS,TOT,484,2024,2024,2,10,MRL,0.03473
7901,GBR,C,LLS,TOT,484,2024,2024,2,10,NOX,0.00036
7901,GBR,C,LLS,TOT,484,2024,2024,2,10,SRX,0.08822
7901,GBR,C,LLS,TOT,484,2024,2024,2,10,TOA,42.036462
7901,GBR,C,LLS,TOT,484,2024,2024,2,10,TOP,4.265382
7907,JPN,C,LLS,TOA,486,2024,2024,2,9,ANT,0.03675
7907,JPN,C,LLS,TOA,486,2024,2024,2,9,GRV,0.71124
7907,JPN,C,LLS,TOA,486,2024,2024,2,9,ICX,0.44532
7907,JPN,C,LLS,TOA,486,2024,2024,2,9,MRL,0.0093
7907,JPN,C,LLS,TOA,486,2024,2024,2,9,TOA,75.73158
7921,KOR,C,LLS,TOA,881,2024,2024,2,8,CHW,0.0036
7921,KOR,C,LLS,TOA,881,2024,2024,2,8,GRV,2.2532
7921,KOR,C,LLS,TOA,881,2024,2024,2,8,ICX,0.003
7921,KOR,C,LLS,TOA,881,2024,2024,2,8,MRL,0.0191
7921,KOR,C,LLS,TOA,881,2024,2024,2,8,OCT,0.0004
7921,KOR,C,LLS,TOA,881,2024,2024,2,8,POG,0.00145
7921,KOR,C,LLS,TOA,881,2024,2024,2,8,RAJ,0.024
7921,KOR,C,LLS,TOA,881,2024,2024,2,8,SRX,0.007
7921,KOR,C,LLS,TOA,881,2024,2024,2,8,TOA,64.51565
7923,KOR,C,LLS,TOA,882,2024,2024,2,8,GRV,1.0242
7923,KOR,C,LLS,TOA,882,2024,2024,2,8,ICX,0.0521
7923,KOR,C,LLS,TOA,882,2024,2024,2,8,KCF,0.0165
7923,KOR,C,LLS,TOA,882,2024,2024,2,8,MOY,0.0162
7923,KOR,C,LLS,TOA,882,2024,2024,2,8,NOX,0.0029
7923,KOR,C,LLS,TOA,882,2024,2024,2,8,POG,0.0004
7923,KOR,C,LLS,TOA,882,2024,2024,2,8,TOA,38.57615
7923,KOR,C,LLS,TOA,882,2024,2024,2,8,TRD,0.00021
7925,KOR,C,LLS,TOA,883,2024,2024,2,8,GRV,0.0012
7925,KOR,C,LLS,TOA,883,2024,2024,2,8,TOA,4.6767
7918,KOR,C,OTM,KRI,482,2024,2024,2,11,ANI,0.113366
7918,KOR,C,OTM,KRI,482,2024,2024,2,11,JIC,0.004215
7918,KOR,C,OTM,KRI,482,2024,2024,2,11,KIF,0.00086
7918,KOR,C,OTM,KRI,482,2024,2024,2,11,KRI,4852.390007
7918,KOR,C,OTM,KRI,482,2024,2024,2,11,NOG,0.011448
7918,KOR,C,OTM,KRI,482,2024,2024,2,11,NTO,0.00063
7918,KOR,C,OTM,KRI,482,2024,2024,2,11,PSG,0.001715
7918,KOR,C,OTM,KRI,482,2024,2024,2,11,SGI,0.091515
7918,KOR,C,OTM,KRI,482,2024,2024,2,11,SSI,0.01574
7937,NOR,C,TM,KRI,482,2024,2024,2,11,ANI,0.09354
7937,NOR,C,TM,KRI,482,2024,2024,2,11,ANP,0.00199
7937,NOR,C,TM,KRI,482,2024,2024,2,11,AQM,3.00E-06
7937,NOR,C,TM,KRI,482,2024,2024,2,11,BQY,3.50E-05
7937,NOR,C,TM,KRI,482,2024,2024,2,11,JIC,0.125745
7937,NOR,C,TM,KRI,482,2024,2024,2,11,KIF,0.046395
7937,NOR,C,TM,KRI,482,2024,2024,2,11,KRI,26189.98
7937,NOR,C,TM,KRI,482,2024,2024,2,11,NOC,0.000935
7937,NOR,C,TM,KRI,482,2024,2024,2,11,NOG,0.07648
7937,NOR,C,TM,KRI,482,2024,2024,2,11,NOL,0.01089
7937,NOR,C,TM,KRI,482,2024,2024,2,11,NTO,0.019215
7937,NOR,C,TM,KRI,482,2024,2024,2,11,PDG,0.00064
7937,NOR,C,TM,KRI,482,2024,2024,2,11,PSG,0.00051
7937,NOR,C,TM,KRI,482,2024,2024,2,11,SGI,0.119055
7937,NOR,C,TM,KRI,482,2024,2024,2,11,SPX,8.00E-06
7937,NOR,C,TM,KRI,482,2024,2024,2,11,SQU,0.0078
7937,NOR,C,TM,KRI,482,2024,2024,2,11,SSI,0.004865
7941,NOR,C,TM,KRI,482,2024,2024,2,12,ANI,0.00533
7941,NOR,C,TM,KRI,482,2024,2024,2,12,ANP,0.00115
7941,NOR,C,TM,KRI,482,2024,2024,2,12,ICA,0.00047
7941,NOR,C,TM,KRI,482,2024,2024,2,12,JIC,0.00627
7941,NOR,C,TM,KRI,482,2024,2024,2,12,KIF,0.06892
7941,NOR,C,TM,KRI,482,2024,2024,2,12,KRI,18480.993
7941,NOR,C,TM,KRI,482,2024,2024,2,12,NOG,0.00817
7941,NOR,C,TM,KRI,482,2024,2024,2,12,NTO,0.00018
7941,NOR,C,TM,KRI,482,2024,2024,2,12,OIJ,0.00329
7941,NOR,C,TM,KRI,482,2024,2024,2,12,SGI,0.33177
7941,NOR,C,TM,KRI,482,2024,2024,2,12,SQU,0.00233
7941,NOR,C,TM,KRI,482,2024,2024,2,12,SSI,0.00957
7955,NZL,C,LLS,TOA,881,2024,2024,2,9,ANT,0.00574
7955,NZL,C,LLS,TOA,881,2024,2024,2,9,CUX,0.00022
7955,NZL,C,LLS,TOA,881,2024,2024,2,9,GRV,1.45425
7955,NZL,C,LLS,TOA,881,2024,2024,2,9,ICX,0.075075
7955,NZL,C,LLS,TOA,881,2024,2024,2,9,MRL,0.78946
7955,NZL,C,LLS,TOA,881,2024,2024,2,9,OCT,0.00012
7955,NZL,C,LLS,TOA,881,2024,2024,2,9,OOY,1.00E-05
7955,NZL,C,LLS,TOA,881,2024,2024,2,9,POG,0.00384
7955,NZL,C,LLS,TOA,881,2024,2024,2,9,SRX,0.31173
7955,NZL,C,LLS,TOA,881,2024,2024,2,9,STF,0.00183
7955,NZL,C,LLS,TOA,881,2024,2024,2,9,TOA,15.84989
7955,NZL,C,LLS,TOA,881,2024,2024,2,9,TOP,0.0502
7957,NZL,S,LLS,TOA,881,2024,2024,2,9,AKW,0.0001
7957,NZL,S,LLS,TOA,881,2024,2024,2,9,CNZ,2.00E-06
7957,NZL,S,LLS,TOA,881,2024,2024,2,9,CUX,0.003687
7957,NZL,S,LLS,TOA,881,2024,2024,2,9,CWD,1.80E-05
7957,NZL,S,LLS,TOA,881,2024,2024,2,9,JIC,0.000114
7957,NZL,S,LLS,TOA,881,2024,2024,2,9,NHE,0.005903
7957,NZL,S,LLS,TOA,881,2024,2024,2,9,OCT,0.000646
7957,NZL,S,LLS,TOA,881,2024,2024,2,9,OOY,0.000294
7957,NZL,S,LLS,TOA,881,2024,2024,2,9,POG,0.00396
7957,NZL,S,LLS,TOA,881,2024,2024,2,9,PWJ,0.000152
7957,NZL,S,LLS,TOA,881,2024,2024,2,9,STF,0.142108
7957,NZL,S,LLS,TOA,881,2024,2024,2,9,TLO,0.01357
7957,NZL,S,LLS,TOA,881,2024,2024,2,9,TOA,5.2806
7957,NZL,S,LLS,TOA,881,2024,2024,2,9,TRH,0.004188
7957,NZL,S,LLS,TOA,881,2024,2024,2,9,TRN,0.002588
7957,NZL,S,LLS,TOA,881,2024,2024,2,9,TRT,0.003048
7957,NZL,S,LLS,TOA,881,2024,2024,2,9,URX,6.00E-06
7957,NZL,S,LLS,TOA,881,2024,2024,2,9,WOR,0.000224
7966,RUS,C,LLS,TOA,881,2024,2024,2,8,CHW,0.00216
7966,RUS,C,LLS,TOA,881,2024,2024,2,8,GRV,0.4646
7966,RUS,C,LLS,TOA,881,2024,2024,2,8,MRL,0.01589
7966,RUS,C,LLS,TOA,881,2024,2024,2,8,TOA,5.8862
7975,UKR,C,LLS,TOA,881,2024,2024,2,8,ANT,0.02018
7975,UKR,C,LLS,TOA,881,2024,2024,2,8,GRV,0.30796
7975,UKR,C,LLS,TOA,881,2024,2024,2,8,ICX,0.06492
7975,UKR,C,LLS,TOA,881,2024,2024,2,8,MRL,0.02899
7975,UKR,C,LLS,TOA,881,2024,2024,2,8,TOA,8.9131
7978,UKR,C,LLS,TOA,882,2024,2024,2,8,BAM,0.002
7978,UKR,C,LLS,TOA,882,2024,2024,2,8,CHW,0.0018
7978,UKR,C,LLS,TOA,882,2024,2024,2,8,GRV,0.2435
7978,UKR,C,LLS,TOA,882,2024,2024,2,8,ICX,0.002
7978,UKR,C,LLS,TOA,882,2024,2024,2,8,MOY,0.0034
7978,UKR,C,LLS,TOA,882,2024,2024,2,8,MRL,0.0028
7978,UKR,C,LLS,TOA,882,2024,2024,2,8,NOX,0.0013
7978,UKR,C,LLS,TOA,882,2024,2024,2,8,OCT,0.0003
7978,UKR,C,LLS,TOA,882,2024,2024,2,8,POG,0.003
7978,UKR,C,LLS,TOA,882,2024,2024,2,8,QMC,0.1336
7978,UKR,C,LLS,TOA,882,2024,2024,2,8,TOA,65.71725
7978,UKR,C,LLS,TOA,882,2024,2024,2,8,TRD,0.0055
7978,UKR,C,LLS,TOA,882,2024,2024,2,8,WGR,0.0087
7980,UKR,C,LLS,TOA,883,2024,2024,2,8,ANT,0.0041
7980,UKR,C,LLS,TOA,883,2024,2024,2,8,CHW,0.0027
7980,UKR,C,LLS,TOA,883,2024,2024,2,8,GRV,1.3877
7980,UKR,C,LLS,TOA,883,2024,2024,2,8,ICX,0.0178
7980,UKR,C,LLS,TOA,883,2024,2024,2,8,KCX,0.002
7980,UKR,C,LLS,TOA,883,2024,2024,2,8,NOX,0.0071
7980,UKR,C,LLS,TOA,883,2024,2024,2,8,TOA,19.856945
7972,UKR,C,OTM,KRI,482,2024,2024,2,11,ANI,0.68376
7972,UKR,C,OTM,KRI,482,2024,2024,2,11,ELC,0.01812
7972,UKR,C,OTM,KRI,482,2024,2024,2,11,JIC,0.00927
7972,UKR,C,OTM,KRI,482,2024,2024,2,11,KIF,0.01321
7972,UKR,C,OTM,KRI,482,2024,2024,2,11,KRI,4903
7972,UKR,C,OTM,KRI,482,2024,2024,2,11,NOC,0.00471
7972,UKR,C,OTM,KRI,482,2024,2024,2,11,NOG,0.05398
7972,UKR,C,OTM,KRI,482,2024,2024,2,11,NTO,0.00675
7972,UKR,C,OTM,KRI,482,2024,2024,2,11,PSG,0.00325
7972,UKR,C,OTM,KRI,482,2024,2024,2,11,SGI,0.18795
7972,UKR,C,OTM,KRI,482,2024,2024,2,11,SPX,0.00753
7972,UKR,C,OTM,KRI,482,2024,2024,2,11,SSI,0.11518
7790,AUS,C,LLS,TOA,5842,2024,2024,3,10,ANT,0.01946
7790,AUS,C,LLS,TOA,5842,2024,2024,3,10,DMO,0.0005
7790,AUS,C,LLS,TOA,5842,2024,2024,3,10,GRV,1.75665
7790,AUS,C,LLS,TOA,5842,2024,2024,3,10,ICX,0.05135
7790,AUS,C,LLS,TOA,5842,2024,2024,3,10,MRL,0.01305
7790,AUS,C,LLS,TOA,5842,2024,2024,3,10,NTW,5.00E-05
7790,AUS,C,LLS,TOA,5842,2024,2024,3,10,TOA,22.2323
7791,AUS,C,OTB,ANI,5852,2024,2024,3,10,ANI,18.317615
7791,AUS,C,OTB,ANI,5852,2024,2024,3,10,ATX,0.350211
7791,AUS,C,OTB,ANI,5852,2024,2024,3,10,AXT,0.000245
7791,AUS,C,OTB,ANI,5852,2024,2024,3,10,BAA,5.90E-05
7791,AUS,C,OTB,ANI,5852,2024,2024,3,10,BDN,0.00037
7791,AUS,C,OTB,ANI,5852,2024,2024,3,10,BEA,0.10936
7791,AUS,C,OTB,ANI,5852,2024,2024,3,10,BMU,0.004103
7791,AUS,C,OTB,ANI,5852,2024,2024,3,10,BTY,9.80E-05
7791,AUS,C,OTB,ANI,5852,2024,2024,3,10,BYR,0.03368
7791,AUS,C,OTB,ANI,5852,2024,2024,3,10,CEP,0.000165
7791,AUS,C,OTB,ANI,5852,2024,2024,3,10,CNI,0.866873
7791,AUS,C,OTB,ANI,5852,2024,2024,3,10,CSS,0.018365
7791,AUS,C,OTB,ANI,5852,2024,2024,3,10,CUX,0.044472
7791,AUS,C,OTB,ANI,5852,2024,2024,3,10,CWD,0.000107
7791,AUS,C,OTB,ANI,5852,2024,2024,3,10,DWR,0.006255
7791,AUS,C,OTB,ANI,5852,2024,2024,3,10,ELT,0.003953
7791,AUS,C,OTB,ANI,5852,2024,2024,3,10,GAS,0.001525
7791,AUS,C,OTB,ANI,5852,2024,2024,3,10,ICA,1.926976
7791,AUS,C,OTB,ANI,5852,2024,2024,3,10,ISH,0.001093
7791,AUS,C,OTB,ANI,5852,2024,2024,3,10,LIC,4.608059
7791,AUS,C,OTB,ANI,5852,2024,2024,3,10,LXX,0.086087
7791,AUS,C,OTB,ANI,5852,2024,2024,3,10,LYZ,2.40E-05
7791,AUS,C,OTB,ANI,5852,2024,2024,3,10,MEL,3.80E-05
7791,AUS,C,OTB,ANI,5852,2024,2024,3,10,MMM,0.002465
7791,AUS,C,OTB,ANI,5852,2024,2024,3,10,MRL,0.023148
7791,AUS,C,OTB,ANI,5852,2024,2024,3,10,NEX,0.000959
7791,AUS,C,OTB,ANI,5852,2024,2024,3,10,NOS,0.062578
7791,AUS,C,OTB,ANI,5852,2024,2024,3,10,NOZ,0.01789
7791,AUS,C,OTB,ANI,5852,2024,2024,3,10,OCT,3.028633
7791,AUS,C,OTB,ANI,5852,2024,2024,3,10,OEQ,0.015996
7791,AUS,C,OTB,ANI,5852,2024,2024,3,10,OOY,0.002741
7791,AUS,C,OTB,ANI,5852,2024,2024,3,10,PDG,0.004547
7791,AUS,C,OTB,ANI,5852,2024,2024,3,10,PFR,0.198651
7791,AUS,C,OTB,ANI,5852,2024,2024,3,10,PWJ,0.00016
7791,AUS,C,OTB,ANI,5852,2024,2024,3,10,QMC,0.005042
7791,AUS,C,OTB,ANI,5852,2024,2024,3,10,SRX,0.000378
7791,AUS,C,OTB,ANI,5852,2024,2024,3,10,SSX,0.311365
7791,AUS,C,OTB,ANI,5852,2024,2024,3,10,STF,0.142908
7791,AUS,C,OTB,ANI,5852,2024,2024,3,10,SWK,7.50E-05
7791,AUS,C,OTB,ANI,5852,2024,2024,3,10,TOP,0.809335
7791,AUS,C,OTB,ANI,5852,2024,2024,3,10,URX,0.014885
7791,AUS,C,OTB,ANI,5852,2024,2024,3,10,WOR,0.004354
7791,AUS,C,OTB,ANI,5852,2024,2024,3,10,ZSP,0.023981
7799,AUS,C,OTB,TOP,5852,2024,2024,3,10,ALH,0.011858
7799,AUS,C,OTB,TOP,5852,2024,2024,3,10,ANI,0.005545
7799,AUS,C,OTB,TOP,5852,2024,2024,3,10,ANT,0.029712
7799,AUS,C,OTB,TOP,5852,2024,2024,3,10,ATX,0.07438
7799,AUS,C,OTB,TOP,5852,2024,2024,3,10,BAA,0.004933
7799,AUS,C,OTB,TOP,5852,2024,2024,3,10,BDN,0.003911
7799,AUS,C,OTB,TOP,5852,2024,2024,3,10,BEE,0.000124
7799,AUS,C,OTB,TOP,5852,2024,2024,3,10,BMU,0.001601
7799,AUS,C,OTB,TOP,5852,2024,2024,3,10,BRT,0.000389
7799,AUS,C,OTB,TOP,5852,2024,2024,3,10,BRX,0.047
7799,AUS,C,OTB,TOP,5852,2024,2024,3,10,BTY,0.003521
7799,AUS,C,OTB,TOP,5852,2024,2024,3,10,BVH,1.00E-05
7799,AUS,C,OTB,TOP,5852,2024,2024,3,10,BWY,0.000105
7799,AUS,C,OTB,TOP,5852,2024,2024,3,10,CAH,0.001116
7799,AUS,C,OTB,TOP,5852,2024,2024,3,10,CEP,0.052026
7799,AUS,C,OTB,TOP,5852,2024,2024,3,10,CEQ,0.000252
7799,AUS,C,OTB,TOP,5852,2024,2024,3,10,CLX,7.90E-05
7799,AUS,C,OTB,TOP,5852,2024,2024,3,10,CNI,0.586865
7799,AUS,C,OTB,TOP,5852,2024,2024,3,10,CSS,0.082156
7799,AUS,C,OTB,TOP,5852,2024,2024,3,10,CUX,0.115493
7799,AUS,C,OTB,TOP,5852,2024,2024,3,10,CVN,2.40E-05
7799,AUS,C,OTB,TOP,5852,2024,2024,3,10,CWD,0.000164
7799,AUS,C,OTB,TOP,5852,2024,2024,3,10,DGL,6.60E-05
7799,AUS,C,OTB,TOP,5852,2024,2024,3,10,DQL,7.50E-05
7799,AUS,C,OTB,TOP,5852,2024,2024,3,10,DWR,0.006728
7799,AUS,C,OTB,TOP,5852,2024,2024,3,10,ECI,0.000122
7799,AUS,C,OTB,TOP,5852,2024,2024,3,10,ELC,0.000556
7799,AUS,C,OTB,TOP,5852,2024,2024,3,10,ELT,0.322476
7799,AUS,C,OTB,TOP,5852,2024,2024,3,10,ETF,0.049405
7799,AUS,C,OTB,TOP,5852,2024,2024,3,10,FIC,0.016
7799,AUS,C,OTB,TOP,5852,2024,2024,3,10,GAS,0.000643
7799,AUS,C,OTB,TOP,5852,2024,2024,3,10,GR1,0.0059
7799,AUS,C,OTB,TOP,5852,2024,2024,3,10,GYY,0.010095
7799,AUS,C,OTB,TOP,5852,2024,2024,3,10,ICA,0.01402
7799,AUS,C,OTB,TOP,5852,2024,2024,3,10,ISH,0.005485
7799,AUS,C,OTB,TOP,5852,2024,2024,3,10,LIC,0.038486
7799,AUS,C,OTB,TOP,5852,2024,2024,3,10,LXX,0.089314
7799,AUS,C,OTB,TOP,5852,2024,2024,3,10,LXY,5.00E-05
7799,AUS,C,OTB,TOP,5852,2024,2024,3,10,LYZ,0.000791
7799,AUS,C,OTB,TOP,5852,2024,2024,3,10,MAP,7.50E-05
7799,AUS,C,OTB,TOP,5852,2024,2024,3,10,MCH,0.00062
7799,AUS,C,OTB,TOP,5852,2024,2024,3,10,MEL,0.691941
7799,AUS,C,OTB,TOP,5852,2024,2024,3,10,MLG,0.000108
7799,AUS,C,OTB,TOP,5852,2024,2024,3,10,MMM,0.085171
7799,AUS,C,OTB,TOP,5852,2024,2024,3,10,MNI,0.000115
7799,AUS,C,OTB,TOP,5852,2024,2024,3,10,MRL,0.036483
7799,AUS,C,OTB,TOP,5852,2024,2024,3,10,NEX,0.06521
7799,AUS,C,OTB,TOP,5852,2024,2024,3,10,NNN,0.000155
7799,AUS,C,OTB,TOP,5852,2024,2024,3,10,NOS,3.417428
7799,AUS,C,OTB,TOP,5852,2024,2024,3,10,NOZ,0.015111
7799,AUS,C,OTB,TOP,5852,2024,2024,3,10,NSZ,0.000195
7799,AUS,C,OTB,TOP,5852,2024,2024,3,10,OCT,0.019766
7799,AUS,C,OTB,TOP,5852,2024,2024,3,10,OEQ,0.005321
7799,AUS,C,OTB,TOP,5852,2024,2024,3,10,OOY,0.033492
7799,AUS,C,OTB,TOP,5852,2024,2024,3,10,PAZ,0.000272
7799,AUS,C,OTB,TOP,5852,2024,2024,3,10,PDG,0.013234
7799,AUS,C,OTB,TOP,5852,2024,2024,3,10,PDZ,0.0124
7799,AUS,C,OTB,TOP,5852,2024,2024,3,10,PEY,0.000244
7799,AUS,C,OTB,TOP,5852,2024,2024,3,10,PFR,0.096004
7799,AUS,C,OTB,TOP,5852,2024,2024,3,10,PVM,0.000291
7799,AUS,C,OTB,TOP,5852,2024,2024,3,10,PWJ,9.10E-05
7799,AUS,C,OTB,TOP,5852,2024,2024,3,10,QMC,0.249349
7799,AUS,C,OTB,TOP,5852,2024,2024,3,10,SLH,0.00035
7799,AUS,C,OTB,TOP,5852,2024,2024,3,10,SRX,5.60E-05
7799,AUS,C,OTB,TOP,5852,2024,2024,3,10,SSX,0.154333
7799,AUS,C,OTB,TOP,5852,2024,2024,3,10,STF,0.100848
7799,AUS,C,OTB,TOP,5852,2024,2024,3,10,SWK,0.003057
7799,AUS,C,OTB,TOP,5852,2024,2024,3,10,SZS,0.00012
7799,AUS,C,OTB,TOP,5852,2024,2024,3,10,TEZ,0.842
7799,AUS,C,OTB,TOP,5852,2024,2024,3,10,TOP,0.832799
7799,AUS,C,OTB,TOP,5852,2024,2024,3,10,URX,0.062505
7799,AUS,C,OTB,TOP,5852,2024,2024,3,10,WOR,0.001291
7799,AUS,C,OTB,TOP,5852,2024,2024,3,10,ZSP,0.001699
7816,CHL,C,OTM,KRI,481,2024,2024,3,10,ANS,0.00021
7816,CHL,C,OTM,KRI,481,2024,2024,3,10,CES,0.00432
7816,CHL,C,OTM,KRI,481,2024,2024,3,10,CNI,0.01174
7816,CHL,C,OTM,KRI,481,2024,2024,3,10,GIS,0.00108
7816,CHL,C,OTM,KRI,481,2024,2024,3,10,JIC,0.00128
7816,CHL,C,OTM,KRI,481,2024,2024,3,10,KIF,0.1822
7816,CHL,C,OTM,KRI,481,2024,2024,3,10,KRI,1331.169
7816,CHL,C,OTM,KRI,481,2024,2024,3,10,NOG,0.09645
7816,CHL,C,OTM,KRI,481,2024,2024,3,10,NOL,6.00E-05
7816,CHL,C,OTM,KRI,481,2024,2024,3,10,NOR,0.000126
7816,CHL,C,OTM,KRI,481,2024,2024,3,10,PCH,0.0087
7816,CHL,C,OTM,KRI,481,2024,2024,3,10,SSI,0.00064
7821,CHL,C,OTM,KRI,482,2024,2024,3,10,ANI,0.01246
7821,CHL,C,OTM,KRI,482,2024,2024,3,10,CNI,0.00722
7821,CHL,C,OTM,KRI,482,2024,2024,3,10,ELN,3.00E-05
7821,CHL,C,OTM,KRI,482,2024,2024,3,10,GIS,0.00112
7821,CHL,C,OTM,KRI,482,2024,2024,3,10,JIC,0.0037
7821,CHL,C,OTM,KRI,482,2024,2024,3,10,KIF,0.03877
7821,CHL,C,OTM,KRI,482,2024,2024,3,10,KRI,2233.327
7821,CHL,C,OTM,KRI,482,2024,2024,3,10,NOG,0.02234
7821,CHL,C,OTM,KRI,482,2024,2024,3,10,NOL,0.001161
7821,CHL,C,OTM,KRI,482,2024,2024,3,10,NOR,0.00206
7821,CHL,C,OTM,KRI,482,2024,2024,3,10,NTO,0.00314
7821,CHL,C,OTM,KRI,482,2024,2024,3,10,SGI,0.09921
7821,CHL,C,OTM,KRI,482,2024,2024,3,10,SSI,0.12304
7829,CHN,C,OTM,KRI,481,2024,2024,3,11,ANS,0.000932
7829,CHN,C,OTM,KRI,481,2024,2024,3,11,KIF,0.00133
7829,CHN,C,OTM,KRI,481,2024,2024,3,11,KRI,4849.6785
7839,CHN,C,OTM,KRI,482,2024,2024,3,11,ANI,0.01525
7839,CHN,C,OTM,KRI,482,2024,2024,3,11,JIC,0.00773
7839,CHN,C,OTM,KRI,482,2024,2024,3,11,KIF,0.0184
7839,CHN,C,OTM,KRI,482,2024,2024,3,11,KRI,7493.4616
7839,CHN,C,OTM,KRI,482,2024,2024,3,11,LXX,1.00E-05
7839,CHN,C,OTM,KRI,482,2024,2024,3,11,NOG,0.00255
7839,CHN,C,OTM,KRI,482,2024,2024,3,11,NTO,0.00813
7839,CHN,C,OTM,KRI,482,2024,2024,3,11,SGI,0.0103
7839,CHN,C,OTM,KRI,482,2024,2024,3,11,SSI,0.001
7834,CHN,C,TM,KRI,481,2024,2024,3,12,ANS,0.002135
7834,CHN,C,TM,KRI,481,2024,2024,3,12,FIC,0.000125
7834,CHN,C,TM,KRI,481,2024,2024,3,12,GDR,0.00011
7834,CHN,C,TM,KRI,481,2024,2024,3,12,ICX,0.004684
7834,CHN,C,TM,KRI,481,2024,2024,3,12,KRI,5339.03884
7834,CHN,C,TM,KRI,481,2024,2024,3,12,PCH,5.00E-06
7834,CHN,C,TM,KRI,481,2024,2024,3,12,PMA,0.00165
7834,CHN,C,TM,KRI,481,2024,2024,3,12,SPX,0.01399
7834,CHN,C,TM,KRI,481,2024,2024,3,12,TRL,0.00266
7842,CHN,C,TM,KRI,482,2024,2024,3,12,ANI,0.01456
7842,CHN,C,TM,KRI,482,2024,2024,3,12,ELC,0.010962
7842,CHN,C,TM,KRI,482,2024,2024,3,12,JIC,0.007817
7842,CHN,C,TM,KRI,482,2024,2024,3,12,KIF,0.00125
7842,CHN,C,TM,KRI,482,2024,2024,3,12,KRI,7463.74065
7842,CHN,C,TM,KRI,482,2024,2024,3,12,NOX,0.00012
7842,CHN,C,TM,KRI,482,2024,2024,3,12,NTO,0.00296
7842,CHN,C,TM,KRI,482,2024,2024,3,12,PSG,0.000165
7842,CHN,C,TM,KRI,482,2024,2024,3,12,SSI,0.000756
7855,ESP,C,LLS,TOA,486,2024,2024,3,9,ANT,0.10385
7855,ESP,C,LLS,TOA,486,2024,2024,3,9,GRV,1.31574
7855,ESP,C,LLS,TOA,486,2024,2024,3,9,ICX,0.2001
7855,ESP,C,LLS,TOA,486,2024,2024,3,9,MOY,0.14487
7855,ESP,C,LLS,TOA,486,2024,2024,3,9,TOA,106.7817
7873,FRA,C,LLS,TOP,586,2024,2024,3,9,ANT,16.81755
7873,FRA,C,LLS,TOP,586,2024,2024,3,9,EZT,0.0019
7873,FRA,C,LLS,TOP,586,2024,2024,3,9,GRV,13.105378
7873,FRA,C,LLS,TOP,586,2024,2024,3,9,RFA,3.5113
7873,FRA,C,LLS,TOP,586,2024,2024,3,9,TOP,126.331154
7879,FRA,C,LLS,TOP,586,2024,2024,3,10,ANT,2.9862
7879,FRA,C,LLS,TOP,586,2024,2024,3,10,GRV,20.139065
7879,FRA,C,LLS,TOP,586,2024,2024,3,10,RFA,0.0253
7879,FRA,C,LLS,TOP,586,2024,2024,3,10,TOP,84.792724
7908,JPN,C,LLS,TOA,486,2024,2024,3,9,ANT,0.10122
7908,JPN,C,LLS,TOA,486,2024,2024,3,9,GRV,1.1295
7908,JPN,C,LLS,TOA,486,2024,2024,3,9,ICX,0.88879
7908,JPN,C,LLS,TOA,486,2024,2024,3,9,MRL,0.0739
7908,JPN,C,LLS,TOA,486,2024,2024,3,9,TOA,43.30461
7908,JPN,C,LLS,TOA,486,2024,2024,3,9,TOP,0.07306
7926,KOR,C,LLS,TOA,883,2024,2024,3,8,ANT,0.0407
7926,KOR,C,LLS,TOA,883,2024,2024,3,8,GRV,3.5304
7926,KOR,C,LLS,TOA,883,2024,2024,3,8,ICX,0.37901
7926,KOR,C,LLS,TOA,883,2024,2024,3,8,KCX,0.0742
7926,KOR,C,LLS,TOA,883,2024,2024,3,8,MOY,0.00696
7926,KOR,C,LLS,TOA,883,2024,2024,3,8,NOG,0.00465
7926,KOR,C,LLS,TOA,883,2024,2024,3,8,PAG,0.0025
7926,KOR,C,LLS,TOA,883,2024,2024,3,8,POG,0.0003
7926,KOR,C,LLS,TOA,883,2024,2024,3,8,SRR,0.3305
7926,KOR,C,LLS,TOA,883,2024,2024,3,8,TOA,36.8543
7916,KOR,C,OTM,KRI,481,2024,2024,3,11,ANI,3.30E-05
7916,KOR,C,OTM,KRI,481,2024,2024,3,11,ANS,0.004753
7916,KOR,C,OTM,KRI,481,2024,2024,3,11,CNI,5.00E-05
7916,KOR,C,OTM,KRI,481,2024,2024,3,11,FIC,4.40E-05
7916,KOR,C,OTM,KRI,481,2024,2024,3,11,GDR,0.000299
7916,KOR,C,OTM,KRI,481,2024,2024,3,11,GYN,3.50E-05
7916,KOR,C,OTM,KRI,481,2024,2024,3,11,KIF,0.034958
7916,KOR,C,OTM,KRI,481,2024,2024,3,11,KRI,1482.588068
7916,KOR,C,OTM,KRI,481,2024,2024,3,11,NOG,0.03309
7916,KOR,C,OTM,KRI,481,2024,2024,3,11,NOL,8.50E-05
7916,KOR,C,OTM,KRI,481,2024,2024,3,11,NOR,1.30E-05
7916,KOR,C,OTM,KRI,481,2024,2024,3,11,PCH,0.007655
7916,KOR,C,OTM,KRI,481,2024,2024,3,11,PMA,0.00562
7916,KOR,C,OTM,KRI,481,2024,2024,3,11,SGI,0.000571
7916,KOR,C,OTM,KRI,481,2024,2024,3,11,SPX,3.80E-05
7916,KOR,C,OTM,KRI,481,2024,2024,3,11,TRL,0.000159
7916,KOR,C,OTM,KRI,481,2024,2024,3,11,WIC,0.002687
7919,KOR,C,OTM,KRI,482,2024,2024,3,11,AEM,1.10E-05
7919,KOR,C,OTM,KRI,482,2024,2024,3,11,ANI,0.02908
7919,KOR,C,OTM,KRI,482,2024,2024,3,11,ANP,0.000415
7919,KOR,C,OTM,KRI,482,2024,2024,3,11,ELC,9.50E-05
7919,KOR,C,OTM,KRI,482,2024,2024,3,11,ICA,0.000375
7919,KOR,C,OTM,KRI,482,2024,2024,3,11,JIC,0.000325
7919,KOR,C,OTM,KRI,482,2024,2024,3,11,KIF,0.006681
7919,KOR,C,OTM,KRI,482,2024,2024,3,11,KRI,4084.266
7919,KOR,C,OTM,KRI,482,2024,2024,3,11,NOC,0.001473
7919,KOR,C,OTM,KRI,482,2024,2024,3,11,NOG,0.011711
7919,KOR,C,OTM,KRI,482,2024,2024,3,11,NOR,6.00E-06
7919,KOR,C,OTM,KRI,482,2024,2024,3,11,NTO,0.000525
7919,KOR,C,OTM,KRI,482,2024,2024,3,11,PSG,0.000705
7919,KOR,C,OTM,KRI,482,2024,2024,3,11,SGI,0.010351
7919,KOR,C,OTM,KRI,482,2024,2024,3,11,SSI,0.009151
7930,NOR,C,TM,KRI,481,2024,2024,3,11,FIC,2.50E-05
7930,NOR,C,TM,KRI,481,2024,2024,3,11,KIF,0.08521
7930,NOR,C,TM,KRI,481,2024,2024,3,11,KRI,4114.842806
7930,NOR,C,TM,KRI,481,2024,2024,3,11,NOG,0.132255
7930,NOR,C,TM,KRI,481,2024,2024,3,11,NTO,2.50E-05
7930,NOR,C,TM,KRI,481,2024,2024,3,11,PGE,0.00446
7930,NOR,C,TM,KRI,481,2024,2024,3,11,PMA,0.007
7930,NOR,C,TM,KRI,481,2024,2024,3,11,SGI,0.00213
7930,NOR,C,TM,KRI,481,2024,2024,3,11,WIC,0.00144
7933,NOR,C,TM,KRI,481,2024,2024,3,12,ANS,0.00011
7933,NOR,C,TM,KRI,481,2024,2024,3,12,ICX,0.01799
7933,NOR,C,TM,KRI,481,2024,2024,3,12,KIF,0.3989
7933,NOR,C,TM,KRI,481,2024,2024,3,12,KRI,5734.17
7933,NOR,C,TM,KRI,481,2024,2024,3,12,NOG,0.64407
7933,NOR,C,TM,KRI,481,2024,2024,3,12,PCH,0.00751
7933,NOR,C,TM,KRI,481,2024,2024,3,12,PMA,0.00118
7933,NOR,C,TM,KRI,481,2024,2024,3,12,SGI,0.00576
7938,NOR,C,TM,KRI,482,2024,2024,3,11,AEM,1.50E-05
7938,NOR,C,TM,KRI,482,2024,2024,3,11,ANI,0.11376
7938,NOR,C,TM,KRI,482,2024,2024,3,11,ELC,1.50E-05
7938,NOR,C,TM,KRI,482,2024,2024,3,11,ELT,0.00013
7938,NOR,C,TM,KRI,482,2024,2024,3,11,FIC,0.0007
7938,NOR,C,TM,KRI,482,2024,2024,3,11,GYY,0.000195
7938,NOR,C,TM,KRI,482,2024,2024,3,11,ICA,0.0005
7938,NOR,C,TM,KRI,482,2024,2024,3,11,JIC,0.06951
7938,NOR,C,TM,KRI,482,2024,2024,3,11,KIF,0.043895
7938,NOR,C,TM,KRI,482,2024,2024,3,11,KRI,13962.581
7938,NOR,C,TM,KRI,482,2024,2024,3,11,NOC,0.005615
7938,NOR,C,TM,KRI,482,2024,2024,3,11,NOG,0.162755
7938,NOR,C,TM,KRI,482,2024,2024,3,11,NTO,0.028424
7938,NOR,C,TM,KRI,482,2024,2024,3,11,PSG,0.00218
7938,NOR,C,TM,KRI,482,2024,2024,3,11,SGI,0.517078
7938,NOR,C,TM,KRI,482,2024,2024,3,11,SQU,0.002455
7938,NOR,C,TM,KRI,482,2024,2024,3,11,SSI,0.08081
7942,NOR,C,TM,KRI,482,2024,2024,3,12,ANI,0.00253
7942,NOR,C,TM,KRI,482,2024,2024,3,12,ANP,7.00E-05
7942,NOR,C,TM,KRI,482,2024,2024,3,12,KIF,0.027
7942,NOR,C,TM,KRI,482,2024,2024,3,12,KRI,11679.577
7942,NOR,C,TM,KRI,482,2024,2024,3,12,NOC,0.00042
7942,NOR,C,TM,KRI,482,2024,2024,3,12,NOG,0.05227
7942,NOR,C,TM,KRI,482,2024,2024,3,12,SGI,0.68911
7942,NOR,C,TM,KRI,482,2024,2024,3,12,SQU,0.00178
7942,NOR,C,TM,KRI,482,2024,2024,3,12,SSI,0.08927
7942,NOR,C,TM,KRI,482,2024,2024,3,12,WIC,0.00086
7959,RUS,C,OTM,KRI,481,2024,2024,3,11,KRI,1380.024
7963,RUS,C,OTM,KRI,482,2024,2024,3,11,KRI,1486.457
7968,UKR,C,OTM,KRI,481,2024,2024,3,11,ANS,0.25644
7968,UKR,C,OTM,KRI,481,2024,2024,3,11,FIC,8.00E-05
7968,UKR,C,OTM,KRI,481,2024,2024,3,11,KIF,0.15451
7968,UKR,C,OTM,KRI,481,2024,2024,3,11,KRI,2098
7968,UKR,C,OTM,KRI,481,2024,2024,3,11,NOG,0.06118
7968,UKR,C,OTM,KRI,481,2024,2024,3,11,PCH,0.00039
7968,UKR,C,OTM,KRI,481,2024,2024,3,11,PMA,0.00041
7968,UKR,C,OTM,KRI,481,2024,2024,3,11,SGI,0.00661
7968,UKR,C,OTM,KRI,481,2024,2024,3,11,SPX,0.08956
7968,UKR,C,OTM,KRI,481,2024,2024,3,11,WIC,0.00343
7973,UKR,C,OTM,KRI,482,2024,2024,3,11,ANI,0.42914
7973,UKR,C,OTM,KRI,482,2024,2024,3,11,ELC,0.00488
7973,UKR,C,OTM,KRI,482,2024,2024,3,11,JIC,0.00355
7973,UKR,C,OTM,KRI,482,2024,2024,3,11,KIF,0.00868
7973,UKR,C,OTM,KRI,482,2024,2024,3,11,KRI,2692
7973,UKR,C,OTM,KRI,482,2024,2024,3,11,NOC,0.00737
7973,UKR,C,OTM,KRI,482,2024,2024,3,11,NOG,0.02716
7973,UKR,C,OTM,KRI,482,2024,2024,3,11,NTO,0.00846
7973,UKR,C,OTM,KRI,482,2024,2024,3,11,SGI,0.07166
7973,UKR,C,OTM,KRI,482,2024,2024,3,11,SSI,0.06529
7793,AUS,C,LLS,TOP,5852,2024,2024,4,9,ANT,0.10095
7793,AUS,C,LLS,TOP,5852,2024,2024,4,9,GR1,0.865054
7793,AUS,C,LLS,TOP,5852,2024,2024,4,9,GR2,6.098736
7793,AUS,C,LLS,TOP,5852,2024,2024,4,9,SRX,0.51874
7793,AUS,C,LLS,TOP,5852,2024,2024,4,9,STF,0.123953
7793,AUS,C,LLS,TOP,5852,2024,2024,4,9,TOP,122.46882
7796,AUS,C,LLS,TOP,5852,2024,2024,4,10,ANT,0.690239
7796,AUS,C,LLS,TOP,5852,2024,2024,4,10,ATX,0.00149
7796,AUS,C,LLS,TOP,5852,2024,2024,4,10,AXT,0.00052
7796,AUS,C,LLS,TOP,5852,2024,2024,4,10,CSS,0.00358
7796,AUS,C,LLS,TOP,5852,2024,2024,4,10,CUX,0.00043
7796,AUS,C,LLS,TOP,5852,2024,2024,4,10,DWR,0.00342
7796,AUS,C,LLS,TOP,5852,2024,2024,4,10,GR1,6.51892
7796,AUS,C,LLS,TOP,5852,2024,2024,4,10,GR2,2.74165
7796,AUS,C,LLS,TOP,5852,2024,2024,4,10,KCX,0.0047
7796,AUS,C,LLS,TOP,5852,2024,2024,4,10,MRL,0.0012
7796,AUS,C,LLS,TOP,5852,2024,2024,4,10,OCT,0.0023
7796,AUS,C,LLS,TOP,5852,2024,2024,4,10,OOY,0.00049
7796,AUS,C,LLS,TOP,5852,2024,2024,4,10,SRX,0.913076
7796,AUS,C,LLS,TOP,5852,2024,2024,4,10,STF,0.08392
7796,AUS,C,LLS,TOP,5852,2024,2024,4,10,TOP,135.82467
7792,AUS,C,OTB,ANI,5852,2024,2024,4,10,ANI,3.28281
7792,AUS,C,OTB,ANI,5852,2024,2024,4,10,ATX,0.00257
7792,AUS,C,OTB,ANI,5852,2024,2024,4,10,BMU,0.00122
7792,AUS,C,OTB,ANI,5852,2024,2024,4,10,CNI,0.000171
7792,AUS,C,OTB,ANI,5852,2024,2024,4,10,CWD,1.70E-05
7792,AUS,C,OTB,ANI,5852,2024,2024,4,10,DWR,5.20E-05
7792,AUS,C,OTB,ANI,5852,2024,2024,4,10,ELT,0.000189
7792,AUS,C,OTB,ANI,5852,2024,2024,4,10,ISH,0.000744
7792,AUS,C,OTB,ANI,5852,2024,2024,4,10,LIC,0.522528
7792,AUS,C,OTB,ANI,5852,2024,2024,4,10,MRL,0.000639
7792,AUS,C,OTB,ANI,5852,2024,2024,4,10,NOA,0.003343
7792,AUS,C,OTB,ANI,5852,2024,2024,4,10,NOS,0.001528
7792,AUS,C,OTB,ANI,5852,2024,2024,4,10,NOZ,5.70E-05
7792,AUS,C,OTB,ANI,5852,2024,2024,4,10,OEQ,0.000625
7792,AUS,C,OTB,ANI,5852,2024,2024,4,10,PDZ,4.50E-05
7792,AUS,C,OTB,ANI,5852,2024,2024,4,10,PFR,0.000187
7792,AUS,C,OTB,ANI,5852,2024,2024,4,10,QMC,0.000245
7792,AUS,C,OTB,ANI,5852,2024,2024,4,10,SSX,0.0081
7792,AUS,C,OTB,ANI,5852,2024,2024,4,10,STF,0.001154
7792,AUS,C,OTB,ANI,5852,2024,2024,4,10,TOP,0.02754
7792,AUS,C,OTB,ANI,5852,2024,2024,4,10,URX,2.80E-05
7792,AUS,C,OTB,ANI,5852,2024,2024,4,10,WOR,0.000282
7800,AUS,C,OTB,TOP,5852,2024,2024,4,10,ALH,0.000182
7800,AUS,C,OTB,TOP,5852,2024,2024,4,10,ANT,0.008004
7800,AUS,C,OTB,TOP,5852,2024,2024,4,10,ATX,0.016473
7800,AUS,C,OTB,TOP,5852,2024,2024,4,10,BAA,0.00067
7800,AUS,C,OTB,TOP,5852,2024,2024,4,10,BDN,0.000206
7800,AUS,C,OTB,TOP,5852,2024,2024,4,10,BEA,0.0755
7800,AUS,C,OTB,TOP,5852,2024,2024,4,10,BMU,0.00102
7800,AUS,C,OTB,TOP,5852,2024,2024,4,10,BTY,0.00067
7800,AUS,C,OTB,TOP,5852,2024,2024,4,10,BWY,0.000962
7800,AUS,C,OTB,TOP,5852,2024,2024,4,10,CEP,0.020817
7800,AUS,C,OTB,TOP,5852,2024,2024,4,10,CNI,0.051113
7800,AUS,C,OTB,TOP,5852,2024,2024,4,10,CUX,0.000277
7800,AUS,C,OTB,TOP,5852,2024,2024,4,10,DWR,0.005903
7800,AUS,C,OTB,TOP,5852,2024,2024,4,10,ELT,0.00037
7800,AUS,C,OTB,TOP,5852,2024,2024,4,10,GAS,0.000191
7800,AUS,C,OTB,TOP,5852,2024,2024,4,10,GYY,0.00159
7800,AUS,C,OTB,TOP,5852,2024,2024,4,10,ICA,0.004614
7800,AUS,C,OTB,TOP,5852,2024,2024,4,10,ISH,4.20E-05
7800,AUS,C,OTB,TOP,5852,2024,2024,4,10,LIC,0.000634
7800,AUS,C,OTB,TOP,5852,2024,2024,4,10,LXX,0.012003
7800,AUS,C,OTB,TOP,5852,2024,2024,4,10,MAP,0.002999
7800,AUS,C,OTB,TOP,5852,2024,2024,4,10,MCH,0.006245
7800,AUS,C,OTB,TOP,5852,2024,2024,4,10,MHJ,0.000109
7800,AUS,C,OTB,TOP,5852,2024,2024,4,10,MLG,3.20E-05
7800,AUS,C,OTB,TOP,5852,2024,2024,4,10,MMM,0.001554
7800,AUS,C,OTB,TOP,5852,2024,2024,4,10,MNI,0.000242
7800,AUS,C,OTB,TOP,5852,2024,2024,4,10,MRL,0.004903
7800,AUS,C,OTB,TOP,5852,2024,2024,4,10,NEX,0.005976
7800,AUS,C,OTB,TOP,5852,2024,2024,4,10,NOA,0.000164
7800,AUS,C,OTB,TOP,5852,2024,2024,4,10,NOS,1.000293
7800,AUS,C,OTB,TOP,5852,2024,2024,4,10,NOZ,0.001705
7800,AUS,C,OTB,TOP,5852,2024,2024,4,10,NTW,1.30E-05
7800,AUS,C,OTB,TOP,5852,2024,2024,4,10,OCT,0.007617
7800,AUS,C,OTB,TOP,5852,2024,2024,4,10,OEQ,0.005549
7800,AUS,C,OTB,TOP,5852,2024,2024,4,10,OOY,0.000615
7800,AUS,C,OTB,TOP,5852,2024,2024,4,10,PDG,0.001365
7800,AUS,C,OTB,TOP,5852,2024,2024,4,10,PDZ,0.00704
7800,AUS,C,OTB,TOP,5852,2024,2024,4,10,PFR,0.015979
7800,AUS,C,OTB,TOP,5852,2024,2024,4,10,PWJ,0.000169
7800,AUS,C,OTB,TOP,5852,2024,2024,4,10,QMC,0.391351
7800,AUS,C,OTB,TOP,5852,2024,2024,4,10,SRX,4.30E-05
7800,AUS,C,OTB,TOP,5852,2024,2024,4,10,SSX,0.016741
7800,AUS,C,OTB,TOP,5852,2024,2024,4,10,STF,0.054856
7800,AUS,C,OTB,TOP,5852,2024,2024,4,10,SWK,0.000649
7800,AUS,C,OTB,TOP,5852,2024,2024,4,10,TOP,83.105894
7800,AUS,C,OTB,TOP,5852,2024,2024,4,10,URX,0.004099
7800,AUS,C,OTB,TOP,5852,2024,2024,4,10,WOR,0.088489
7817,CHL,C,OTM,KRI,481,2024,2024,4,10,ANI,0.00052
7817,CHL,C,OTM,KRI,481,2024,2024,4,10,ANS,0.000584
7817,CHL,C,OTM,KRI,481,2024,2024,4,10,CES,0.00186
7817,CHL,C,OTM,KRI,481,2024,2024,4,10,CNI,0.01246
7817,CHL,C,OTM,KRI,481,2024,2024,4,10,GDR,0.000161
7817,CHL,C,OTM,KRI,481,2024,2024,4,10,JIC,0.00182
7817,CHL,C,OTM,KRI,481,2024,2024,4,10,KIF,0.03525
7817,CHL,C,OTM,KRI,481,2024,2024,4,10,KRI,4122.094
7817,CHL,C,OTM,KRI,481,2024,2024,4,10,NOG,0.02298
7817,CHL,C,OTM,KRI,481,2024,2024,4,10,NOR,9.00E-05
7817,CHL,C,OTM,KRI,481,2024,2024,4,10,PCH,0.00028
7830,CHN,C,OTM,KRI,481,2024,2024,4,11,ANS,0.001392
7830,CHN,C,OTM,KRI,481,2024,2024,4,11,FIC,0.000159
7830,CHN,C,OTM,KRI,481,2024,2024,4,11,KIF,0.000558
7830,CHN,C,OTM,KRI,481,2024,2024,4,11,KRI,11244.8293
7830,CHN,C,OTM,KRI,481,2024,2024,4,11,NTO,0.02331
7835,CHN,C,TM,KRI,481,2024,2024,4,12,ANS,0.006307
7835,CHN,C,TM,KRI,481,2024,2024,4,12,FIC,0.000284
7835,CHN,C,TM,KRI,481,2024,2024,4,12,GDR,9.10E-05
7835,CHN,C,TM,KRI,481,2024,2024,4,12,ICX,0.003238
7835,CHN,C,TM,KRI,481,2024,2024,4,12,JIC,8.50E-05
7835,CHN,C,TM,KRI,481,2024,2024,4,12,KIF,0.00022
7835,CHN,C,TM,KRI,481,2024,2024,4,12,KRI,9611.83241
7835,CHN,C,TM,KRI,481,2024,2024,4,12,NOL,6.00E-05
7835,CHN,C,TM,KRI,481,2024,2024,4,12,NOX,0.000195
7835,CHN,C,TM,KRI,481,2024,2024,4,12,PMA,0.00035
7835,CHN,C,TM,KRI,481,2024,2024,4,12,PSG,1.00E-05
7835,CHN,C,TM,KRI,481,2024,2024,4,12,SPX,0.041241
7835,CHN,C,TM,KRI,481,2024,2024,4,12,SSI,0.00193
7835,CHN,C,TM,KRI,481,2024,2024,4,12,WIC,0.00053
7856,ESP,C,LLS,TOA,486,2024,2024,4,9,ANT,0.06961
7856,ESP,C,LLS,TOA,486,2024,2024,4,9,GRV,0.30431
7856,ESP,C,LLS,TOA,486,2024,2024,4,9,MOY,0.0008
7856,ESP,C,LLS,TOA,486,2024,2024,4,9,NOX,0.00058
7856,ESP,C,LLS,TOA,486,2024,2024,4,9,TOA,14.1122
7856,ESP,C,LLS,TOA,486,2024,2024,4,9,TOP,1.4889
7863,FRA,C,LLS,TOP,5851,2024,2024,4,9,ANT,3.97259
7863,FRA,C,LLS,TOP,5851,2024,2024,4,9,BEA,0.080352
7863,FRA,C,LLS,TOP,5851,2024,2024,4,9,BHY,0.053
7863,FRA,C,LLS,TOP,5851,2024,2024,4,9,BYR,0.313556
7863,FRA,C,LLS,TOP,5851,2024,2024,4,9,EZT,0.09202
7863,FRA,C,LLS,TOP,5851,2024,2024,4,9,GRV,32.164213
7863,FRA,C,LLS,TOP,5851,2024,2024,4,9,TOP,200.005443
7868,FRA,C,LLS,TOP,5851,2024,2024,4,10,ANT,1.317011
7868,FRA,C,LLS,TOP,5851,2024,2024,4,10,BYR,0.002936
7868,FRA,C,LLS,TOP,5851,2024,2024,4,10,EZT,0.274
7868,FRA,C,LLS,TOP,5851,2024,2024,4,10,GRV,3.635237
7868,FRA,C,LLS,TOP,5851,2024,2024,4,10,TOP,123.311997
7874,FRA,C,LLS,TOP,586,2024,2024,4,9,ANT,13.19509
7874,FRA,C,LLS,TOP,586,2024,2024,4,9,GRV,11.634378
7874,FRA,C,LLS,TOP,586,2024,2024,4,9,KCX,0.00531
7874,FRA,C,LLS,TOP,586,2024,2024,4,9,RFA,1.81756
7874,FRA,C,LLS,TOP,586,2024,2024,4,9,TOP,85.162715
7880,FRA,C,LLS,TOP,586,2024,2024,4,10,ANT,0.7384
7880,FRA,C,LLS,TOP,586,2024,2024,4,10,GRV,3.680304
7880,FRA,C,LLS,TOP,586,2024,2024,4,10,RFA,0.0039
7880,FRA,C,LLS,TOP,586,2024,2024,4,10,TOP,13.8746
7898,GBR,C,LLS,TOP,483,2024,2024,4,10,ANT,0.0591
7898,GBR,C,LLS,TOP,483,2024,2024,4,10,GRV,2.18844
7898,GBR,C,LLS,TOP,483,2024,2024,4,10,MRL,0.00048
7898,GBR,C,LLS,TOP,483,2024,2024,4,10,SRX,0.03456
7898,GBR,C,LLS,TOP,483,2024,2024,4,10,TOP,49.68794
7909,JPN,C,LLS,TOA,486,2024,2024,4,9,ANT,0.17415
7909,JPN,C,LLS,TOA,486,2024,2024,4,9,GRV,0.8386
7909,JPN,C,LLS,TOA,486,2024,2024,4,9,ICX,0.49685
7909,JPN,C,LLS,TOA,486,2024,2024,4,9,MRL,0.0448
7909,JPN,C,LLS,TOA,486,2024,2024,4,9,TOA,43.7166
7909,JPN,C,LLS,TOA,486,2024,2024,4,9,TOP,0.11062
7927,KOR,C,LLS,TOA,883,2024,2024,4,8,ANT,0.0007
7927,KOR,C,LLS,TOA,883,2024,2024,4,8,GRV,0.8608
7927,KOR,C,LLS,TOA,883,2024,2024,4,8,ICX,0.2151
7927,KOR,C,LLS,TOA,883,2024,2024,4,8,KCX,0.08348
7927,KOR,C,LLS,TOA,883,2024,2024,4,8,MOY,0.0053
7927,KOR,C,LLS,TOA,883,2024,2024,4,8,NOX,0.0105
7927,KOR,C,LLS,TOA,883,2024,2024,4,8,TOA,14.6064
7917,KOR,C,OTM,KRI,481,2024,2024,4,11,ANI,0.000135
7917,KOR,C,OTM,KRI,481,2024,2024,4,11,ANS,0.016661
7917,KOR,C,OTM,KRI,481,2024,2024,4,11,FIC,0.000127
7917,KOR,C,OTM,KRI,481,2024,2024,4,11,GDR,1.00E-05
7917,KOR,C,OTM,KRI,481,2024,2024,4,11,GEA,2.00E-06
7917,KOR,C,OTM,KRI,481,2024,2024,4,11,KIF,0.011997
7917,KOR,C,OTM,KRI,481,2024,2024,4,11,KRI,3511.957932
7917,KOR,C,OTM,KRI,481,2024,2024,4,11,NOC,0.001047
7917,KOR,C,OTM,KRI,481,2024,2024,4,11,NOG,0.006685
7917,KOR,C,OTM,KRI,481,2024,2024,4,11,NOR,1.50E-05
7917,KOR,C,OTM,KRI,481,2024,2024,4,11,PCH,0.0002
7917,KOR,C,OTM,KRI,481,2024,2024,4,11,PMA,0.000969
7917,KOR,C,OTM,KRI,481,2024,2024,4,11,SPX,9.00E-06
7917,KOR,C,OTM,KRI,481,2024,2024,4,11,SSI,0.00048
7917,KOR,C,OTM,KRI,481,2024,2024,4,11,TRL,0.001126
7917,KOR,C,OTM,KRI,481,2024,2024,4,11,WIC,0.005245
7931,NOR,C,TM,KRI,481,2024,2024,4,11,ANI,9.50E-05
7931,NOR,C,TM,KRI,481,2024,2024,4,11,ANS,0.00013
7931,NOR,C,TM,KRI,481,2024,2024,4,11,FIC,0.000455
7931,NOR,C,TM,KRI,481,2024,2024,4,11,GDR,0.000575
7931,NOR,C,TM,KRI,481,2024,2024,4,11,KIF,0.062695
7931,NOR,C,TM,KRI,481,2024,2024,4,11,KRI,25164.08717
7931,NOR,C,TM,KRI,481,2024,2024,4,11,NOG,0.027695
7931,NOR,C,TM,KRI,481,2024,2024,4,11,NTO,2.00E-05
7931,NOR,C,TM,KRI,481,2024,2024,4,11,PGE,8.00E-05
7931,NOR,C,TM,KRI,481,2024,2024,4,11,PMA,0.001995
7931,NOR,C,TM,KRI,481,2024,2024,4,11,SQU,0.000535
7931,NOR,C,TM,KRI,481,2024,2024,4,11,WIC,0.00027
7934,NOR,C,TM,KRI,481,2024,2024,4,12,KRI,17699.738
7934,NOR,C,TM,KRI,481,2024,2024,4,12,NOG,0.00357
7960,RUS,C,OTM,KRI,481,2024,2024,4,11,KRI,4251.509
7969,UKR,C,OTM,KRI,481,2024,2024,4,11,ANI,0.00328
7969,UKR,C,OTM,KRI,481,2024,2024,4,11,ANS,0.25106
7969,UKR,C,OTM,KRI,481,2024,2024,4,11,FIC,7.00E-05
7969,UKR,C,OTM,KRI,481,2024,2024,4,11,KIF,0.10859
7969,UKR,C,OTM,KRI,481,2024,2024,4,11,KRI,4461
7969,UKR,C,OTM,KRI,481,2024,2024,4,11,NOG,0.05682
7969,UKR,C,OTM,KRI,481,2024,2024,4,11,PCH,0.00028
7969,UKR,C,OTM,KRI,481,2024,2024,4,11,PMA,0.00147
7969,UKR,C,OTM,KRI,481,2024,2024,4,11,SPX,0.17383
7969,UKR,C,OTM,KRI,481,2024,2024,4,11,SSI,0.00063
7969,UKR,C,OTM,KRI,481,2024,2024,4,11,TRL,0.00026
7981,URY,C,LLS,TOP,587,2024,2024,4,10,ANT,0.4212
7981,URY,C,LLS,TOP,587,2024,2024,4,10,GRV,3.284
7981,URY,C,LLS,TOP,587,2024,2024,4,10,KCX,0.002
7981,URY,C,LLS,TOP,587,2024,2024,4,10,LPE,0.0012
7981,URY,C,LLS,TOP,587,2024,2024,4,10,SRX,1.1745
7981,URY,C,LLS,TOP,587,2024,2024,4,10,TOP,19.187369
7794,AUS,C,LLS,TOP,5852,2024,2024,5,9,ANT,0.66596
7794,AUS,C,LLS,TOP,5852,2024,2024,5,9,ETM,0.00215
7794,AUS,C,LLS,TOP,5852,2024,2024,5,9,GR1,1.10777
7794,AUS,C,LLS,TOP,5852,2024,2024,5,9,GR2,4.11845
7794,AUS,C,LLS,TOP,5852,2024,2024,5,9,MRL,0.00058
7794,AUS,C,LLS,TOP,5852,2024,2024,5,9,NOR,0.00111
7794,AUS,C,LLS,TOP,5852,2024,2024,5,9,NOS,0.00897
7794,AUS,C,LLS,TOP,5852,2024,2024,5,9,NOX,0.00085
7794,AUS,C,LLS,TOP,5852,2024,2024,5,9,SRX,0.2437
7794,AUS,C,LLS,TOP,5852,2024,2024,5,9,STF,0.020295
7794,AUS,C,LLS,TOP,5852,2024,2024,5,9,TOP,224.62175
7797,AUS,C,LLS,TOP,5852,2024,2024,5,10,ANT,1.14951
7797,AUS,C,LLS,TOP,5852,2024,2024,5,10,AQZ,0.00025
7797,AUS,C,LLS,TOP,5852,2024,2024,5,10,ATX,0.0001
7797,AUS,C,LLS,TOP,5852,2024,2024,5,10,DWR,0.0001
7797,AUS,C,LLS,TOP,5852,2024,2024,5,10,GR1,7.06767
7797,AUS,C,LLS,TOP,5852,2024,2024,5,10,GR2,5.84744
7797,AUS,C,LLS,TOP,5852,2024,2024,5,10,KCS,0.00196
7797,AUS,C,LLS,TOP,5852,2024,2024,5,10,KCX,0.00985
7797,AUS,C,LLS,TOP,5852,2024,2024,5,10,NTW,0.0003
7797,AUS,C,LLS,TOP,5852,2024,2024,5,10,OCT,0.00324
7797,AUS,C,LLS,TOP,5852,2024,2024,5,10,SRX,0.97526
7797,AUS,C,LLS,TOP,5852,2024,2024,5,10,STF,0.074082
7797,AUS,C,LLS,TOP,5852,2024,2024,5,10,TOP,171.35105
7818,CHL,C,OTM,KRI,481,2024,2024,5,10,KRI,14.922
7831,CHN,C,OTM,KRI,481,2024,2024,5,11,KIF,0.006041
7831,CHN,C,OTM,KRI,481,2024,2024,5,11,KRI,7022.4174
7836,CHN,C,TM,KRI,481,2024,2024,5,12,ANS,0.003422
7836,CHN,C,TM,KRI,481,2024,2024,5,12,FIC,1.00E-05
7836,CHN,C,TM,KRI,481,2024,2024,5,12,GDR,5.50E-05
7836,CHN,C,TM,KRI,481,2024,2024,5,12,ICX,0.001404
7836,CHN,C,TM,KRI,481,2024,2024,5,12,KIF,0.000412
7836,CHN,C,TM,KRI,481,2024,2024,5,12,KRI,5644.11578
7836,CHN,C,TM,KRI,481,2024,2024,5,12,NOX,0.00012
7836,CHN,C,TM,KRI,481,2024,2024,5,12,PMA,0.00015
7836,CHN,C,TM,KRI,481,2024,2024,5,12,SPX,0.019314
7836,CHN,C,TM,KRI,481,2024,2024,5,12,WIC,7.00E-05
7864,FRA,C,LLS,TOP,5851,2024,2024,5,9,ANT,4.69271
7864,FRA,C,LLS,TOP,5851,2024,2024,5,9,BEA,0.457987
7864,FRA,C,LLS,TOP,5851,2024,2024,5,9,BYR,0.948393
7864,FRA,C,LLS,TOP,5851,2024,2024,5,9,EZT,0.51559
7864,FRA,C,LLS,TOP,5851,2024,2024,5,9,GRV,39.627289
7864,FRA,C,LLS,TOP,5851,2024,2024,5,9,NOS,0.0001
7864,FRA,C,LLS,TOP,5851,2024,2024,5,9,TOP,378.219003
7869,FRA,C,LLS,TOP,5851,2024,2024,5,10,ANT,1.4346
7869,FRA,C,LLS,TOP,5851,2024,2024,5,10,BEA,0.0442
7869,FRA,C,LLS,TOP,5851,2024,2024,5,10,BHY,0.0409
7869,FRA,C,LLS,TOP,5851,2024,2024,5,10,BYR,0.065334
7869,FRA,C,LLS,TOP,5851,2024,2024,5,10,EZT,0.29
7869,FRA,C,LLS,TOP,5851,2024,2024,5,10,GRV,32.286796
7869,FRA,C,LLS,TOP,5851,2024,2024,5,10,TOP,254.237693
7875,FRA,C,LLS,TOP,586,2024,2024,5,9,ANT,5.2593
7875,FRA,C,LLS,TOP,586,2024,2024,5,9,GRV,7.499719
7875,FRA,C,LLS,TOP,586,2024,2024,5,9,MVC,0.0007
7875,FRA,C,LLS,TOP,586,2024,2024,5,9,RFA,0.72754
7875,FRA,C,LLS,TOP,586,2024,2024,5,9,TOP,95.407396
7899,GBR,C,LLS,TOP,483,2024,2024,5,10,ANT,9.99667
7899,GBR,C,LLS,TOP,483,2024,2024,5,10,GRV,14.77824
7899,GBR,C,LLS,TOP,483,2024,2024,5,10,KCX,0.02278
7899,GBR,C,LLS,TOP,483,2024,2024,5,10,SRX,0.14526
7899,GBR,C,LLS,TOP,483,2024,2024,5,10,TOP,509.519911
7910,JPN,C,LLS,TOA,486,2024,2024,5,9,ANT,0.05408
7910,JPN,C,LLS,TOA,486,2024,2024,5,9,DWR,2.00E-05
7910,JPN,C,LLS,TOA,486,2024,2024,5,9,GRV,0.52475
7910,JPN,C,LLS,TOA,486,2024,2024,5,9,MRL,0.00195
7910,JPN,C,LLS,TOA,486,2024,2024,5,9,TOA,35.02673
7910,JPN,C,LLS,TOA,486,2024,2024,5,9,TOP,0.79365
7915,KOR,C,OTM,KRI,481,2024,2024,5,10,ANS,0.00103
7915,KOR,C,OTM,KRI,481,2024,2024,5,10,FIC,0.00022
7915,KOR,C,OTM,KRI,481,2024,2024,5,10,KIF,0.00531
7915,KOR,C,OTM,KRI,481,2024,2024,5,10,KRI,1159.703
7915,KOR,C,OTM,KRI,481,2024,2024,5,10,NOG,0.00137
7915,KOR,C,OTM,KRI,481,2024,2024,5,10,NTO,7.40E-05
7915,KOR,C,OTM,KRI,481,2024,2024,5,10,PCH,0.002295
7915,KOR,C,OTM,KRI,481,2024,2024,5,10,PMA,0.00039
7915,KOR,C,OTM,KRI,481,2024,2024,5,10,SSI,0.00041
7915,KOR,C,OTM,KRI,481,2024,2024,5,10,WIC,0.000116
7932,NOR,C,TM,KRI,481,2024,2024,5,11,KIF,0.00515
7932,NOR,C,TM,KRI,481,2024,2024,5,11,KRI,23593.21987
7932,NOR,C,TM,KRI,481,2024,2024,5,11,NOG,0.00095
7932,NOR,C,TM,KRI,481,2024,2024,5,11,PCH,0.0005
7935,NOR,C,TM,KRI,481,2024,2024,5,12,KIF,0.00047
7935,NOR,C,TM,KRI,481,2024,2024,5,12,KRI,17492.134
7944,NOR,C,TM,KRI,483,2024,2024,5,11,KRI,184.1
7946,NOR,C,TM,KRI,483,2024,2024,5,12,KRI,111.743
7961,RUS,C,OTM,KRI,481,2024,2024,5,11,KRI,1228.111
7964,RUS,C,OTM,KRI,482,2024,2024,5,11,KRI,28.275
7970,UKR,C,OTM,KRI,481,2024,2024,5,11,ANS,0.02004
7970,UKR,C,OTM,KRI,481,2024,2024,5,11,KIF,0.02116
7970,UKR,C,OTM,KRI,481,2024,2024,5,11,KRI,1039
7970,UKR,C,OTM,KRI,481,2024,2024,5,11,NOG,0.00262
7970,UKR,C,OTM,KRI,481,2024,2024,5,11,NTO,9.00E-05
7970,UKR,C,OTM,KRI,481,2024,2024,5,11,PMA,0.00061
7970,UKR,C,OTM,KRI,481,2024,2024,5,11,SPX,0.02606
7982,URY,C,LLS,TOP,587,2024,2024,5,10,ANT,0.7909
7982,URY,C,LLS,TOP,587,2024,2024,5,10,GRV,10.88729
7982,URY,C,LLS,TOP,587,2024,2024,5,10,KCX,0.0039
7982,URY,C,LLS,TOP,587,2024,2024,5,10,MRL,0.00015
7982,URY,C,LLS,TOP,587,2024,2024,5,10,SRX,0.2252
7982,URY,C,LLS,TOP,587,2024,2024,5,10,STF,0.0002
7982,URY,C,LLS,TOP,587,2024,2024,5,10,TOP,35.203831
7795,AUS,C,LLS,TOP,5852,2024,2024,6,9,ANT,0.00942
7795,AUS,C,LLS,TOP,5852,2024,2024,6,9,GR1,0.00483
7795,AUS,C,LLS,TOP,5852,2024,2024,6,9,GR2,0.26855
7795,AUS,C,LLS,TOP,5852,2024,2024,6,9,NOX,0.01446
7795,AUS,C,LLS,TOP,5852,2024,2024,6,9,SON,0.3
7795,AUS,C,LLS,TOP,5852,2024,2024,6,9,SRX,0.15299
7795,AUS,C,LLS,TOP,5852,2024,2024,6,9,STF,0.00156
7795,AUS,C,LLS,TOP,5852,2024,2024,6,9,TOP,14.10568
7798,AUS,C,LLS,TOP,5852,2024,2024,6,10,ANT,1.10244
7798,AUS,C,LLS,TOP,5852,2024,2024,6,10,AQZ,0.00045
7798,AUS,C,LLS,TOP,5852,2024,2024,6,10,ATX,0.00165
7798,AUS,C,LLS,TOP,5852,2024,2024,6,10,CSS,0.0019
7798,AUS,C,LLS,TOP,5852,2024,2024,6,10,DWR,0.00532
7798,AUS,C,LLS,TOP,5852,2024,2024,6,10,ETF,0.02037
7798,AUS,C,LLS,TOP,5852,2024,2024,6,10,GR1,8.35321
7798,AUS,C,LLS,TOP,5852,2024,2024,6,10,GR2,13.62551
7798,AUS,C,LLS,TOP,5852,2024,2024,6,10,KCX,0.0097
7798,AUS,C,LLS,TOP,5852,2024,2024,6,10,MRL,0.00695
7798,AUS,C,LLS,TOP,5852,2024,2024,6,10,NTW,0.01142
7798,AUS,C,LLS,TOP,5852,2024,2024,6,10,OCT,0.01396
7798,AUS,C,LLS,TOP,5852,2024,2024,6,10,OEQ,0.00849
7798,AUS,C,LLS,TOP,5852,2024,2024,6,10,PFR,5.00E-05
7798,AUS,C,LLS,TOP,5852,2024,2024,6,10,SRX,1.06779
7798,AUS,C,LLS,TOP,5852,2024,2024,6,10,SSX,0.0007
7798,AUS,C,LLS,TOP,5852,2024,2024,6,10,STF,0.08711
7798,AUS,C,LLS,TOP,5852,2024,2024,6,10,TOP,267.04898
7822,CHL,C,OTM,KRI,483,2024,2024,6,10,ANI,8.00E-05
7822,CHL,C,OTM,KRI,483,2024,2024,6,10,GIS,6.00E-05
7822,CHL,C,OTM,KRI,483,2024,2024,6,10,JIC,0.00042
7822,CHL,C,OTM,KRI,483,2024,2024,6,10,KIF,0.00051
7822,CHL,C,OTM,KRI,483,2024,2024,6,10,KRI,1226.435
7822,CHL,C,OTM,KRI,483,2024,2024,6,10,SGI,0.00214
7822,CHL,C,OTM,KRI,483,2024,2024,6,10,WIC,0.00036
7843,CHN,C,OTM,KRI,483,2024,2024,6,11,ANI,0.0075
7843,CHN,C,OTM,KRI,483,2024,2024,6,11,ANS,0.001975
7843,CHN,C,OTM,KRI,483,2024,2024,6,11,AQM,0.000674
7843,CHN,C,OTM,KRI,483,2024,2024,6,11,KRI,3693.1104
7843,CHN,C,OTM,KRI,483,2024,2024,6,11,MRL,6.00E-06
7843,CHN,C,OTM,KRI,483,2024,2024,6,11,NOG,0.01142
7843,CHN,C,OTM,KRI,483,2024,2024,6,11,NOL,0.003919
7843,CHN,C,OTM,KRI,483,2024,2024,6,11,NOR,0.101
7843,CHN,C,OTM,KRI,483,2024,2024,6,11,NOX,0.00064
7843,CHN,C,OTM,KRI,483,2024,2024,6,11,TRL,5.50E-05
7844,CHN,C,OTM,KRI,483,2024,2024,6,12,ANI,0.00319
7844,CHN,C,OTM,KRI,483,2024,2024,6,12,KRI,1088.3368
7844,CHN,C,OTM,KRI,483,2024,2024,6,12,NOL,0.00121
7845,CHN,C,TM,KRI,483,2024,2024,6,12,ANI,0.00406
7845,CHN,C,TM,KRI,483,2024,2024,6,12,AQM,2.40E-05
7845,CHN,C,TM,KRI,483,2024,2024,6,12,KRI,1563.83307
7845,CHN,C,TM,KRI,483,2024,2024,6,12,NOL,0.010069
7845,CHN,C,TM,KRI,483,2024,2024,6,12,SGI,4.50E-05
7845,CHN,C,TM,KRI,483,2024,2024,6,12,SSI,5.80E-05
7865,FRA,C,LLS,TOP,5851,2024,2024,6,9,ANT,4.64248
7865,FRA,C,LLS,TOP,5851,2024,2024,6,9,BEA,0.44306
7865,FRA,C,LLS,TOP,5851,2024,2024,6,9,BHY,0.002
7865,FRA,C,LLS,TOP,5851,2024,2024,6,9,BYR,1.139238
7865,FRA,C,LLS,TOP,5851,2024,2024,6,9,EZT,0.55274
7865,FRA,C,LLS,TOP,5851,2024,2024,6,9,GRV,22.470755
7865,FRA,C,LLS,TOP,5851,2024,2024,6,9,MVC,0.00087
7865,FRA,C,LLS,TOP,5851,2024,2024,6,9,TOP,295.612101
7870,FRA,C,LLS,TOP,5851,2024,2024,6,10,ANT,10.65795
7870,FRA,C,LLS,TOP,5851,2024,2024,6,10,BHY,0.2886
7870,FRA,C,LLS,TOP,5851,2024,2024,6,10,BYR,0.0165
7870,FRA,C,LLS,TOP,5851,2024,2024,6,10,EZT,0.2475
7870,FRA,C,LLS,TOP,5851,2024,2024,6,10,GRV,28.823688
7870,FRA,C,LLS,TOP,5851,2024,2024,6,10,TOP,210.255055
7876,FRA,C,LLS,TOP,586,2024,2024,6,9,ANT,0.5857
7876,FRA,C,LLS,TOP,586,2024,2024,6,9,CYO,0.002
7876,FRA,C,LLS,TOP,586,2024,2024,6,9,EZT,0.00038
7876,FRA,C,LLS,TOP,586,2024,2024,6,9,GRV,2.801978
7876,FRA,C,LLS,TOP,586,2024,2024,6,9,KCX,0.00213
7876,FRA,C,LLS,TOP,586,2024,2024,6,9,RFA,0.6743
7876,FRA,C,LLS,TOP,586,2024,2024,6,9,TOP,27.281547
7900,GBR,C,LLS,TOP,483,2024,2024,6,10,ANT,7.02396
7900,GBR,C,LLS,TOP,483,2024,2024,6,10,GRV,14.454968
7900,GBR,C,LLS,TOP,483,2024,2024,6,10,KCX,0.02644
7900,GBR,C,LLS,TOP,483,2024,2024,6,10,MRL,0.0004
7900,GBR,C,LLS,TOP,483,2024,2024,6,10,SRX,0.06808
7900,GBR,C,LLS,TOP,483,2024,2024,6,10,TOP,339.517011
7945,NOR,C,TM,KRI,483,2024,2024,6,11,ANI,0.105325
7945,NOR,C,TM,KRI,483,2024,2024,6,11,FIC,0.00402
7945,NOR,C,TM,KRI,483,2024,2024,6,11,JIC,0.0036
7945,NOR,C,TM,KRI,483,2024,2024,6,11,KRI,10932.11335
7945,NOR,C,TM,KRI,483,2024,2024,6,11,NOC,0.02643
7945,NOR,C,TM,KRI,483,2024,2024,6,11,NOG,0.00087
7945,NOR,C,TM,KRI,483,2024,2024,6,11,NOL,0.00083
7945,NOR,C,TM,KRI,483,2024,2024,6,11,NOM,0.002665
7945,NOR,C,TM,KRI,483,2024,2024,6,11,SGI,0.00245
7945,NOR,C,TM,KRI,483,2024,2024,6,11,SSI,0.00457
7945,NOR,C,TM,KRI,483,2024,2024,6,11,WIC,0.00995
7947,NOR,C,TM,KRI,483,2024,2024,6,12,KRI,11284.541
7947,NOR,C,TM,KRI,483,2024,2024,6,12,NOC,0.0078
7947,NOR,C,TM,KRI,483,2024,2024,6,12,NOG,0.00263
7947,NOR,C,TM,KRI,483,2024,2024,6,12,NOL,0.00283
7947,NOR,C,TM,KRI,483,2024,2024,6,12,NOM,0.0014
7947,NOR,C,TM,KRI,483,2024,2024,6,12,NOX,0.0092
7947,NOR,C,TM,KRI,483,2024,2024,6,12,SGI,0.00133
7947,NOR,C,TM,KRI,483,2024,2024,6,12,SSI,0.0024
7983,URY,C,LLS,TOP,587,2024,2024,6,10,ANT,1.6373
7983,URY,C,LLS,TOP,587,2024,2024,6,10,GRV,12.453
7983,URY,C,LLS,TOP,587,2024,2024,6,10,KCX,0.00755
7983,URY,C,LLS,TOP,587,2024,2024,6,10,LPE,0.0014
7983,URY,C,LLS,TOP,587,2024,2024,6,10,MRL,0.0005
7983,URY,C,LLS,TOP,587,2024,2024,6,10,SRX,0.1191
7983,URY,C,LLS,TOP,587,2024,2024,6,10,STF,0.001
7983,URY,C,LLS,TOP,587,2024,2024,6,10,SVY,0.0009
7983,URY,C,LLS,TOP,587,2024,2024,6,10,TOP,17.937329
7806,AUS,C,LLS,TOP,5852,2024,2024,7,9,ANT,0.28767
7806,AUS,C,LLS,TOP,5852,2024,2024,7,9,DWR,1.00E-05
7806,AUS,C,LLS,TOP,5852,2024,2024,7,9,GR1,3.50993
7806,AUS,C,LLS,TOP,5852,2024,2024,7,9,GR2,7.59064
7806,AUS,C,LLS,TOP,5852,2024,2024,7,9,MRL,0.00122
7806,AUS,C,LLS,TOP,5852,2024,2024,7,9,NOX,0.00075
7806,AUS,C,LLS,TOP,5852,2024,2024,7,9,OCT,0.002
7806,AUS,C,LLS,TOP,5852,2024,2024,7,9,SHL,0.00081
7806,AUS,C,LLS,TOP,5852,2024,2024,7,9,SRX,0.72492
7806,AUS,C,LLS,TOP,5852,2024,2024,7,9,STF,0.11448
7806,AUS,C,LLS,TOP,5852,2024,2024,7,9,TOA,0.05129
7806,AUS,C,LLS,TOP,5852,2024,2024,7,9,TOP,172.44521
7811,AUS,C,LLS,TOP,5852,2024,2024,7,10,ANT,3.28608
7811,AUS,C,LLS,TOP,5852,2024,2024,7,10,ATX,0.00035
7811,AUS,C,LLS,TOP,5852,2024,2024,7,10,AXT,0.00033
7811,AUS,C,LLS,TOP,5852,2024,2024,7,10,BEA,0.00595
7811,AUS,C,LLS,TOP,5852,2024,2024,7,10,CSS,0.00595
7811,AUS,C,LLS,TOP,5852,2024,2024,7,10,CUX,0.00085
7811,AUS,C,LLS,TOP,5852,2024,2024,7,10,CVY,0.00085
7811,AUS,C,LLS,TOP,5852,2024,2024,7,10,CWD,5.00E-05
7811,AUS,C,LLS,TOP,5852,2024,2024,7,10,DGS,0.0019
7811,AUS,C,LLS,TOP,5852,2024,2024,7,10,DMO,0.0085
7811,AUS,C,LLS,TOP,5852,2024,2024,7,10,DWL,0.0005
7811,AUS,C,LLS,TOP,5852,2024,2024,7,10,DWL,0.0005
7811,AUS,C,LLS,TOP,5852,2024,2024,7,10,DWR,0.02823
7811,AUS,C,LLS,TOP,5852,2024,2024,7,10,ETF,0.0006
7811,AUS,C,LLS,TOP,5852,2024,2024,7,10,GR1,4.4688
7811,AUS,C,LLS,TOP,5852,2024,2024,7,10,GR2,18.76314
7811,AUS,C,LLS,TOP,5852,2024,2024,7,10,HXY,0.00055
7811,AUS,C,LLS,TOP,5852,2024,2024,7,10,KCX,0.0045
7811,AUS,C,LLS,TOP,5852,2024,2024,7,10,LEV,0.00115
7811,AUS,C,LLS,TOP,5852,2024,2024,7,10,MRL,0.00105
7811,AUS,C,LLS,TOP,5852,2024,2024,7,10,NOS,0.00308
7811,AUS,C,LLS,TOP,5852,2024,2024,7,10,NTW,0.0006
7811,AUS,C,LLS,TOP,5852,2024,2024,7,10,OCT,0.00968
7811,AUS,C,LLS,TOP,5852,2024,2024,7,10,OEQ,0.02274
7811,AUS,C,LLS,TOP,5852,2024,2024,7,10,SHL,0.0063
7811,AUS,C,LLS,TOP,5852,2024,2024,7,10,SRX,0.59047
7811,AUS,C,LLS,TOP,5852,2024,2024,7,10,SSX,0.00135
7811,AUS,C,LLS,TOP,5852,2024,2024,7,10,STF,0.4581
7811,AUS,C,LLS,TOP,5852,2024,2024,7,10,TOA,0.08316
7811,AUS,C,LLS,TOP,5852,2024,2024,7,10,TOP,277.82115
7811,AUS,C,LLS,TOP,5852,2024,2024,7,10,URX,5.00E-05
7827,CHL,C,OTM,KRI,483,2024,2024,7,10,ANI,0.00154
7827,CHL,C,OTM,KRI,483,2024,2024,7,10,ELN,9.00E-05
7827,CHL,C,OTM,KRI,483,2024,2024,7,10,FIC,0.00095
7827,CHL,C,OTM,KRI,483,2024,2024,7,10,GIS,9.00E-05
7827,CHL,C,OTM,KRI,483,2024,2024,7,10,JIC,0.0025
7827,CHL,C,OTM,KRI,483,2024,2024,7,10,KIF,0.00203
7827,CHL,C,OTM,KRI,483,2024,2024,7,10,KRI,2461.605
7827,CHL,C,OTM,KRI,483,2024,2024,7,10,NOG,0.0003
7827,CHL,C,OTM,KRI,483,2024,2024,7,10,SGI,0.00044
7827,CHL,C,OTM,KRI,483,2024,2024,7,10,SSI,0.00157
7827,CHL,C,OTM,KRI,483,2024,2024,7,10,WIC,0.00055
7846,CHN,C,OTM,KRI,483,2024,2024,7,11,ANI,0.078
7846,CHN,C,OTM,KRI,483,2024,2024,7,11,ANS,0.00022
7846,CHN,C,OTM,KRI,483,2024,2024,7,11,AQM,0.001724
7846,CHN,C,OTM,KRI,483,2024,2024,7,11,KIF,0.0076
7846,CHN,C,OTM,KRI,483,2024,2024,7,11,KRI,8100.8445
7846,CHN,C,OTM,KRI,483,2024,2024,7,11,NOL,0.005176
7846,CHN,C,OTM,KRI,483,2024,2024,7,11,NOX,0.00045
7849,CHN,C,OTM,KRI,483,2024,2024,7,12,ANI,0.1897
7849,CHN,C,OTM,KRI,483,2024,2024,7,12,KRI,6345.9424
7852,CHN,C,TM,KRI,483,2024,2024,7,12,ANI,0.059225
7852,CHN,C,TM,KRI,483,2024,2024,7,12,AQM,4.30E-05
7852,CHN,C,TM,KRI,483,2024,2024,7,12,ELC,2.40E-05
7852,CHN,C,TM,KRI,483,2024,2024,7,12,KRI,2885.59861
7852,CHN,C,TM,KRI,483,2024,2024,7,12,NOL,0.002627
7852,CHN,C,TM,KRI,483,2024,2024,7,12,SSI,6.00E-05
7885,FRA,C,LLS,TOP,5851,2024,2024,7,9,ANT,5.99205
7885,FRA,C,LLS,TOP,5851,2024,2024,7,9,BEA,0.31327
7885,FRA,C,LLS,TOP,5851,2024,2024,7,9,BYR,0.456857
7885,FRA,C,LLS,TOP,5851,2024,2024,7,9,EZT,0.28684
7885,FRA,C,LLS,TOP,5851,2024,2024,7,9,GRV,30.033068
7885,FRA,C,LLS,TOP,5851,2024,2024,7,9,NOS,0.134
7885,FRA,C,LLS,TOP,5851,2024,2024,7,9,TOP,261.482951
7890,FRA,C,LLS,TOP,5851,2024,2024,7,10,ANT,3.6337
7890,FRA,C,LLS,TOP,5851,2024,2024,7,10,EZT,0.0568
7890,FRA,C,LLS,TOP,5851,2024,2024,7,10,GRV,12.82982
7890,FRA,C,LLS,TOP,5851,2024,2024,7,10,TOP,93.507963
7895,FRA,C,LLS,TOP,586,2024,2024,7,9,ANT,5.8144
7895,FRA,C,LLS,TOP,586,2024,2024,7,9,GRV,1.570119
7895,FRA,C,LLS,TOP,586,2024,2024,7,9,KCX,0.0076
7895,FRA,C,LLS,TOP,586,2024,2024,7,9,OSG,0.0404
7895,FRA,C,LLS,TOP,586,2024,2024,7,9,RFA,1.5543
7895,FRA,C,LLS,TOP,586,2024,2024,7,9,TOP,51.083739
7904,GBR,C,LLS,TOP,483,2024,2024,7,10,ANT,7.57328
7904,GBR,C,LLS,TOP,483,2024,2024,7,10,GRV,17.63048
7904,GBR,C,LLS,TOP,483,2024,2024,7,10,KCX,0.01714
7904,GBR,C,LLS,TOP,483,2024,2024,7,10,MRL,0.00138
7904,GBR,C,LLS,TOP,483,2024,2024,7,10,NOX,0.01628
7904,GBR,C,LLS,TOP,483,2024,2024,7,10,SRX,0.06962
7904,GBR,C,LLS,TOP,483,2024,2024,7,10,TOP,165.802345
7904,GBR,C,LLS,TOP,483,2024,2024,7,10,TRH,0.3537
7948,NOR,C,TM,KRI,483,2024,2024,7,11,ANI,0.00317
7948,NOR,C,TM,KRI,483,2024,2024,7,11,KRI,18371.176
7948,NOR,C,TM,KRI,483,2024,2024,7,11,MAP,0.00037
7948,NOR,C,TM,KRI,483,2024,2024,7,11,NOG,0.00058
7948,NOR,C,TM,KRI,483,2024,2024,7,11,SSI,0.00283
7951,NOR,C,TM,KRI,483,2024,2024,7,12,ANI,0.00101
7951,NOR,C,TM,KRI,483,2024,2024,7,12,KRI,17812.117
7807,AUS,C,LLS,TOP,5852,2024,2024,8,9,ANT,0.33765
7807,AUS,C,LLS,TOP,5852,2024,2024,8,9,CVY,0.00121
7807,AUS,C,LLS,TOP,5852,2024,2024,8,9,GR1,1.41056
7807,AUS,C,LLS,TOP,5852,2024,2024,8,9,GR2,2.01797
7807,AUS,C,LLS,TOP,5852,2024,2024,8,9,OCT,0.00145
7807,AUS,C,LLS,TOP,5852,2024,2024,8,9,SRX,0.27709
7807,AUS,C,LLS,TOP,5852,2024,2024,8,9,STF,0.02617
7807,AUS,C,LLS,TOP,5852,2024,2024,8,9,TOA,0.01288
7807,AUS,C,LLS,TOP,5852,2024,2024,8,9,TOP,120.20885
7812,AUS,C,LLS,TOP,5852,2024,2024,8,10,ANT,0.0541
7812,AUS,C,LLS,TOP,5852,2024,2024,8,10,ATX,0.0009
7812,AUS,C,LLS,TOP,5852,2024,2024,8,10,BYR,0.0104
7812,AUS,C,LLS,TOP,5852,2024,2024,8,10,DWR,0.00025
7812,AUS,C,LLS,TOP,5852,2024,2024,8,10,GR1,2.17197
7812,AUS,C,LLS,TOP,5852,2024,2024,8,10,GR2,7.4909
7812,AUS,C,LLS,TOP,5852,2024,2024,8,10,ICX,0.0005
7812,AUS,C,LLS,TOP,5852,2024,2024,8,10,KCX,0.00045
7812,AUS,C,LLS,TOP,5852,2024,2024,8,10,MRL,0.00175
7812,AUS,C,LLS,TOP,5852,2024,2024,8,10,NOS,0.01276
7812,AUS,C,LLS,TOP,5852,2024,2024,8,10,NTW,0.00115
7812,AUS,C,LLS,TOP,5852,2024,2024,8,10,OCT,0.00115
7812,AUS,C,LLS,TOP,5852,2024,2024,8,10,OSG,0.0012
7812,AUS,C,LLS,TOP,5852,2024,2024,8,10,SHL,0.00065
7812,AUS,C,LLS,TOP,5852,2024,2024,8,10,SRX,0.33773
7812,AUS,C,LLS,TOP,5852,2024,2024,8,10,STF,0.063945
7812,AUS,C,LLS,TOP,5852,2024,2024,8,10,TOA,0.0274
7812,AUS,C,LLS,TOP,5852,2024,2024,8,10,TOP,156.11036
7828,CHL,C,OTM,KRI,483,2024,2024,8,10,AQM,1.00E-06
7828,CHL,C,OTM,KRI,483,2024,2024,8,10,CNI,0.00036
7828,CHL,C,OTM,KRI,483,2024,2024,8,10,ELN,1.40E-05
7828,CHL,C,OTM,KRI,483,2024,2024,8,10,KIF,0.00046
7828,CHL,C,OTM,KRI,483,2024,2024,8,10,KRA,2.00E-06
7828,CHL,C,OTM,KRI,483,2024,2024,8,10,KRI,2661.453
7828,CHL,C,OTM,KRI,483,2024,2024,8,10,SGI,0.00016
7828,CHL,C,OTM,KRI,483,2024,2024,8,10,SQU,0.0004
7828,CHL,C,OTM,KRI,483,2024,2024,8,10,SSI,0.00011
7847,CHN,C,OTM,KRI,483,2024,2024,8,11,ANI,0.0004
7847,CHN,C,OTM,KRI,483,2024,2024,8,11,AQM,0.00266
7847,CHN,C,OTM,KRI,483,2024,2024,8,11,KRI,7142.1348
7847,CHN,C,OTM,KRI,483,2024,2024,8,11,NOL,0.0012
7850,CHN,C,OTM,KRI,483,2024,2024,8,12,KRI,5067.828
7853,CHN,C,TM,KRI,483,2024,2024,8,12,ANI,0.01005
7853,CHN,C,TM,KRI,483,2024,2024,8,12,AQM,9.00E-06
7853,CHN,C,TM,KRI,483,2024,2024,8,12,KRI,1602.41734
7853,CHN,C,TM,KRI,483,2024,2024,8,12,NOL,0.00026
7886,FRA,C,LLS,TOP,5851,2024,2024,8,9,ANT,5.35008
7886,FRA,C,LLS,TOP,5851,2024,2024,8,9,BEA,0.417321
7886,FRA,C,LLS,TOP,5851,2024,2024,8,9,BHY,0.002
7886,FRA,C,LLS,TOP,5851,2024,2024,8,9,BYR,0.666713
7886,FRA,C,LLS,TOP,5851,2024,2024,8,9,EZT,0.21236
7886,FRA,C,LLS,TOP,5851,2024,2024,8,9,GRV,13.048424
7886,FRA,C,LLS,TOP,5851,2024,2024,8,9,KCX,0.002
7886,FRA,C,LLS,TOP,5851,2024,2024,8,9,OSG,0.0686
7886,FRA,C,LLS,TOP,5851,2024,2024,8,9,TOP,225.254661
7891,FRA,C,LLS,TOP,5851,2024,2024,8,10,ANT,0.1158
7891,FRA,C,LLS,TOP,5851,2024,2024,8,10,EZT,0.0834
7891,FRA,C,LLS,TOP,5851,2024,2024,8,10,GRV,1.496893
7891,FRA,C,LLS,TOP,5851,2024,2024,8,10,TOP,5.826708
7896,FRA,C,LLS,TOP,586,2024,2024,8,9,ANT,0.62725
7896,FRA,C,LLS,TOP,586,2024,2024,8,9,GRV,4.084921
7896,FRA,C,LLS,TOP,586,2024,2024,8,9,RFA,0.55565
7896,FRA,C,LLS,TOP,586,2024,2024,8,9,TOP,60.408442
7905,GBR,C,LLS,TOP,483,2024,2024,8,10,ANT,4.33825
7905,GBR,C,LLS,TOP,483,2024,2024,8,10,GRV,12.61408
7905,GBR,C,LLS,TOP,483,2024,2024,8,10,MRL,0.00078
7905,GBR,C,LLS,TOP,483,2024,2024,8,10,SRX,0.15455
7905,GBR,C,LLS,TOP,483,2024,2024,8,10,TOP,265.852112
7949,NOR,C,TM,KRI,483,2024,2024,8,11,ANI,0.01314
7949,NOR,C,TM,KRI,483,2024,2024,8,11,FIC,0.0003
7949,NOR,C,TM,KRI,483,2024,2024,8,11,KRI,19749.26653
7949,NOR,C,TM,KRI,483,2024,2024,8,11,NOX,0.000135
7949,NOR,C,TM,KRI,483,2024,2024,8,11,SGI,0.00203
7949,NOR,C,TM,KRI,483,2024,2024,8,11,WIC,0.0002
7952,NOR,C,TM,KRI,483,2024,2024,8,12,ANI,0.00029
7952,NOR,C,TM,KRI,483,2024,2024,8,12,KRI,16040.897
7952,NOR,C,TM,KRI,483,2024,2024,8,12,SSI,0.003
7808,AUS,C,LLS,TOP,5852,2024,2024,9,9,ANT,0.04276
7808,AUS,C,LLS,TOP,5852,2024,2024,9,9,GR1,0.97644
7808,AUS,C,LLS,TOP,5852,2024,2024,9,9,GR2,5.53919
7808,AUS,C,LLS,TOP,5852,2024,2024,9,9,KCX,0.00159
7808,AUS,C,LLS,TOP,5852,2024,2024,9,9,LVD,0.00011
7808,AUS,C,LLS,TOP,5852,2024,2024,9,9,MRL,0.00031
7808,AUS,C,LLS,TOP,5852,2024,2024,9,9,SRX,0.29664
7808,AUS,C,LLS,TOP,5852,2024,2024,9,9,STF,0.0782
7808,AUS,C,LLS,TOP,5852,2024,2024,9,9,TOP,72.11835
7813,AUS,C,LLS,TOP,5852,2024,2024,9,10,ANT,2.27661
7813,AUS,C,LLS,TOP,5852,2024,2024,9,10,ATX,0.0002
7813,AUS,C,LLS,TOP,5852,2024,2024,9,10,AXT,0.00315
7813,AUS,C,LLS,TOP,5852,2024,2024,9,10,BWY,5.00E-05
7813,AUS,C,LLS,TOP,5852,2024,2024,9,10,BYR,0.01215
7813,AUS,C,LLS,TOP,5852,2024,2024,9,10,CUX,0.00032
7813,AUS,C,LLS,TOP,5852,2024,2024,9,10,DWQ,0.0006
7813,AUS,C,LLS,TOP,5852,2024,2024,9,10,DWR,0.02353
7813,AUS,C,LLS,TOP,5852,2024,2024,9,10,ETF,0.00326
7813,AUS,C,LLS,TOP,5852,2024,2024,9,10,GR1,5.173836
7813,AUS,C,LLS,TOP,5852,2024,2024,9,10,GR2,16.79333
7813,AUS,C,LLS,TOP,5852,2024,2024,9,10,ICX,0.0005
7813,AUS,C,LLS,TOP,5852,2024,2024,9,10,KCX,0.00565
7813,AUS,C,LLS,TOP,5852,2024,2024,9,10,MRL,0.0022
7813,AUS,C,LLS,TOP,5852,2024,2024,9,10,NOS,0.01957
7813,AUS,C,LLS,TOP,5852,2024,2024,9,10,NTW,0.00348
7813,AUS,C,LLS,TOP,5852,2024,2024,9,10,OCT,0.00805
7813,AUS,C,LLS,TOP,5852,2024,2024,9,10,OEQ,0.00438
7813,AUS,C,LLS,TOP,5852,2024,2024,9,10,PFR,0.00045
7813,AUS,C,LLS,TOP,5852,2024,2024,9,10,SRX,1.46284
7813,AUS,C,LLS,TOP,5852,2024,2024,9,10,STF,0.224995
7813,AUS,C,LLS,TOP,5852,2024,2024,9,10,TOA,0.18542
7813,AUS,C,LLS,TOP,5852,2024,2024,9,10,TOP,239.92152
7848,CHN,C,OTM,KRI,483,2024,2024,9,11,ANI,0.0001
7848,CHN,C,OTM,KRI,483,2024,2024,9,11,AQM,0.00015
7848,CHN,C,OTM,KRI,483,2024,2024,9,11,KRI,467.005
7848,CHN,C,OTM,KRI,483,2024,2024,9,11,NOL,0.00056
7848,CHN,C,OTM,KRI,483,2024,2024,9,11,NOS,0.0001
7851,CHN,C,OTM,KRI,483,2024,2024,9,12,KRI,2257.1512
7887,FRA,C,LLS,TOP,5851,2024,2024,9,9,ANT,3.2612
7887,FRA,C,LLS,TOP,5851,2024,2024,9,9,BEA,0.548797
7887,FRA,C,LLS,TOP,5851,2024,2024,9,9,BYR,1.731611
7887,FRA,C,LLS,TOP,5851,2024,2024,9,9,EZT,0.20042
7887,FRA,C,LLS,TOP,5851,2024,2024,9,9,GRV,8.903141
7887,FRA,C,LLS,TOP,5851,2024,2024,9,9,TOP,287.518735
7892,FRA,C,LLS,TOP,5851,2024,2024,9,10,ANT,1.9635
7892,FRA,C,LLS,TOP,5851,2024,2024,9,10,BEA,0.0056
7892,FRA,C,LLS,TOP,5851,2024,2024,9,10,BYR,0.0125
7892,FRA,C,LLS,TOP,5851,2024,2024,9,10,EZT,0.128
7892,FRA,C,LLS,TOP,5851,2024,2024,9,10,GRV,17.310791
7892,FRA,C,LLS,TOP,5851,2024,2024,9,10,OSG,0.0156
7892,FRA,C,LLS,TOP,5851,2024,2024,9,10,TOP,152.445761
7906,GBR,C,LLS,TOP,483,2024,2024,9,10,ANT,1.88054
7906,GBR,C,LLS,TOP,483,2024,2024,9,10,GRV,11.84239
7906,GBR,C,LLS,TOP,483,2024,2024,9,10,SRX,0.03372
7906,GBR,C,LLS,TOP,483,2024,2024,9,10,TOP,104.707526
7914,JPN,C,LLS,TOA,486,2024,2024,9,9,ANT,0.27058
7914,JPN,C,LLS,TOA,486,2024,2024,9,9,ATX,0.00014
7914,JPN,C,LLS,TOA,486,2024,2024,9,9,CSS,0.00014
7914,JPN,C,LLS,TOA,486,2024,2024,9,9,DMO,0.00024
7914,JPN,C,LLS,TOA,486,2024,2024,9,9,DWR,0.000162
7914,JPN,C,LLS,TOA,486,2024,2024,9,9,GRV,1.25145
7914,JPN,C,LLS,TOA,486,2024,2024,9,9,MRL,0.0012
7914,JPN,C,LLS,TOA,486,2024,2024,9,9,OEQ,0.0004
7914,JPN,C,LLS,TOA,486,2024,2024,9,9,TOA,24.09235
7914,JPN,C,LLS,TOA,486,2024,2024,9,9,TOP,2.48113
7950,NOR,C,TM,KRI,483,2024,2024,9,11,ANI,0.00175
7950,NOR,C,TM,KRI,483,2024,2024,9,11,KRI,8367.45412
7950,NOR,C,TM,KRI,483,2024,2024,9,11,NOC,0.00225
7950,NOR,C,TM,KRI,483,2024,2024,9,11,SGI,0.00934
7953,NOR,C,TM,KRI,483,2024,2024,9,12,KRI,7503.166
7988,ZAF,C,LLS,TOP,587,2024,2024,9,9,TOP,1.499
7809,AUS,C,LLS,TOP,5852,2024,2024,10,9,ANT,0.3219
7809,AUS,C,LLS,TOP,5852,2024,2024,10,9,CUX,0.002
7809,AUS,C,LLS,TOP,5852,2024,2024,10,9,GR1,4.06377
7809,AUS,C,LLS,TOP,5852,2024,2024,10,9,GR2,1.15151
7809,AUS,C,LLS,TOP,5852,2024,2024,10,9,SRX,0.15386
7809,AUS,C,LLS,TOP,5852,2024,2024,10,9,STF,0.0093
7809,AUS,C,LLS,TOP,5852,2024,2024,10,9,TOP,166.40782
7814,AUS,C,LLS,TOP,5852,2024,2024,10,10,ANT,0.96184
7814,AUS,C,LLS,TOP,5852,2024,2024,10,10,ATX,0.12696
7814,AUS,C,LLS,TOP,5852,2024,2024,10,10,CUX,0.0003
7814,AUS,C,LLS,TOP,5852,2024,2024,10,10,GR1,3.12854
7814,AUS,C,LLS,TOP,5852,2024,2024,10,10,GR2,5.23363
7814,AUS,C,LLS,TOP,5852,2024,2024,10,10,MRL,0.00093
7814,AUS,C,LLS,TOP,5852,2024,2024,10,10,RZZ,0.00812
7814,AUS,C,LLS,TOP,5852,2024,2024,10,10,SRX,0.52867
7814,AUS,C,LLS,TOP,5852,2024,2024,10,10,STF,0.23909
7814,AUS,C,LLS,TOP,5852,2024,2024,10,10,TOA,0.04622
7814,AUS,C,LLS,TOP,5852,2024,2024,10,10,TOP,150.29372
7826,CHL,C,OTM,KRI,482,2024,2024,10,10,ANI,0
7826,CHL,C,OTM,KRI,482,2024,2024,10,10,KRI,110.342
7888,FRA,C,LLS,TOP,5851,2024,2024,10,9,ANT,5.48555
7888,FRA,C,LLS,TOP,5851,2024,2024,10,9,BEA,0.325388
7888,FRA,C,LLS,TOP,5851,2024,2024,10,9,BYR,0.768479
7888,FRA,C,LLS,TOP,5851,2024,2024,10,9,EZT,0.93939
7888,FRA,C,LLS,TOP,5851,2024,2024,10,9,GRV,40.589609
7888,FRA,C,LLS,TOP,5851,2024,2024,10,9,OCT,0.00305
7888,FRA,C,LLS,TOP,5851,2024,2024,10,9,TOP,340.358859
7893,FRA,C,LLS,TOP,5851,2024,2024,10,10,ANT,2.4626
7893,FRA,C,LLS,TOP,5851,2024,2024,10,10,BEA,0.0111
7893,FRA,C,LLS,TOP,5851,2024,2024,10,10,BYR,0.0514
7893,FRA,C,LLS,TOP,5851,2024,2024,10,10,EZT,0.2363
7893,FRA,C,LLS,TOP,5851,2024,2024,10,10,GRV,17.671607
7893,FRA,C,LLS,TOP,5851,2024,2024,10,10,TOP,160.124238
7897,FRA,C,LLS,TOP,586,2024,2024,10,9,ANT,0.8413
7897,FRA,C,LLS,TOP,586,2024,2024,10,9,EZT,0.003
7897,FRA,C,LLS,TOP,586,2024,2024,10,9,GRV,5.966393
7897,FRA,C,LLS,TOP,586,2024,2024,10,9,KCX,0.00245
7897,FRA,C,LLS,TOP,586,2024,2024,10,9,RFA,1.2757
7897,FRA,C,LLS,TOP,586,2024,2024,10,9,TOP,62.188102
7989,ZAF,C,LLS,TOP,587,2024,2024,10,9,TOP,60.281
7810,AUS,C,LLS,TOP,5852,2024,2024,11,9,ANT,0.01692
7810,AUS,C,LLS,TOP,5852,2024,2024,11,9,GR1,0.57116
7810,AUS,C,LLS,TOP,5852,2024,2024,11,9,GR2,0.20903
7810,AUS,C,LLS,TOP,5852,2024,2024,11,9,MRL,0.00086
7810,AUS,C,LLS,TOP,5852,2024,2024,11,9,SRX,0.01713
7810,AUS,C,LLS,TOP,5852,2024,2024,11,9,STF,0.009
7810,AUS,C,LLS,TOP,5852,2024,2024,11,9,TOP,21.80861
7815,AUS,C,LLS,TOP,5852,2024,2024,11,10,ANT,0.00369
7815,AUS,C,LLS,TOP,5852,2024,2024,11,10,GR1,0.42982
7815,AUS,C,LLS,TOP,5852,2024,2024,11,10,GR2,0.11566
7815,AUS,C,LLS,TOP,5852,2024,2024,11,10,SRX,0.01036
7815,AUS,C,LLS,TOP,5852,2024,2024,11,10,STF,0.00052
7815,AUS,C,LLS,TOP,5852,2024,2024,11,10,TOP,8.68881
7889,FRA,C,LLS,TOP,5851,2024,2024,11,9,ANT,5.66161
7889,FRA,C,LLS,TOP,5851,2024,2024,11,9,BEA,0.199535
7889,FRA,C,LLS,TOP,5851,2024,2024,11,9,BYR,0.497805
7889,FRA,C,LLS,TOP,5851,2024,2024,11,9,EZT,1.48985
7889,FRA,C,LLS,TOP,5851,2024,2024,11,9,GRV,41.839543
7889,FRA,C,LLS,TOP,5851,2024,2024,11,9,KCX,0.0013
7889,FRA,C,LLS,TOP,5851,2024,2024,11,9,TOP,352.180644
7894,FRA,C,LLS,TOP,5851,2024,2024,11,10,ANT,0.4386
7894,FRA,C,LLS,TOP,5851,2024,2024,11,10,BEA,0.0047
7894,FRA,C,LLS,TOP,5851,2024,2024,11,10,BYR,0.0339
7894,FRA,C,LLS,TOP,5851,2024,2024,11,10,EZT,0.1068
7894,FRA,C,LLS,TOP,5851,2024,2024,11,10,GRV,6.283159
7894,FRA,C,LLS,TOP,5851,2024,2024,11,10,TOP,19.476298
7990,ZAF,C,LLS,TOP,587,2024,2024,11,9,TOP,102.069
